,Sequence Title,Query Title,Pident,Bitscore,Subject Sequence Length,e-value,Query Sequence Length,Start of Alignment in Subject,End of Alignment in Query,Start of Alignment in Query,End of Alignment in Query,mobileOG ID,Gene Name,Best Hit Accession ID,Major mobileOG Category,Minor mobileOG Category,Source Database,Evidence Type,Contig/ORF Name,ORF_Start_Stop_Strands,ORF_Start,ORF_End,Sense or Antisense Strand,Prodigal ID,Prodigal Designated Contigs,Unique_ORF,Partial Tag,Start Codon,RBS Motif,RBS Spacer,GC Content,Specific Contig,Final Sample Name
0,"mobileOG_000000156|lexA|A0A1J9YMX6|phage|lysis/lysogeny,regulation|ACLAME|Manual",1.1::M1003.fa0:125786-130786_1 # 3 # 146 # 1 # ID=2_1;partial=10;start_type=Edge;rbs_motif=None;rbs_spacer=None;gc_cont=0.389,70.5,74.3,206,2.26e-17,48,161,204,1,44,mobileOG_000000156,lexA,A0A1J9YMX6,phage,"lysis/lysogeny,regulation",ACLAME,Manual,1.1::M1003.fa0:125786-130786_1, 3 # 146 # 1 , 3,146,1 ,2_1,2,1,10,Edge,None,None,0.389,1.1::M1003.fa0:125786-130786,mobileOG_000000156_1.1::M1003.fa0:125786-130786
1,mobileOG_000205804|rarA|I0Q852|replication/recombination/repair|NA|GPD|Homology,9.2::M1006.fa8:38025-43025_1 # 1 # 210 # -1 # ID=8_1;partial=10;start_type=ATG;rbs_motif=None;rbs_spacer=None;gc_cont=0.376,77.1,107,429,2.46e-28,70,7,76,1,70,mobileOG_000205804,rarA,I0Q852,replication/recombination/repair,NA,GPD,Homology,9.2::M1006.fa8:38025-43025_1, 1 # 210 # -1 , 1,210,-1 ,8_1,8,1,10,ATG,None,None,0.376,9.2::M1006.fa8:38025-43025,mobileOG_000205804_9.2::M1006.fa8:38025-43025
2,mobileOG_000331887|nth|WP_013213045.1|replication/recombination/repair|NA|Plasmid RefSeq|Homology,190.1::M1029.fa189:8584-13584_4 # 3294 # 4046 # -1 # ID=19_4;partial=00;start_type=ATG;rbs_motif=None;rbs_spacer=None;gc_cont=0.721,71.9,301,214,5.92e-103,251,9,211,38,240,mobileOG_000331887,nth,WP_013213045.1,replication/recombination/repair,NA,Plasmid RefSeq,Homology,190.1::M1029.fa189:8584-13584_4, 3294 # 4046 # -1 , 3294,4046,-1 ,19_4,19,4,00,ATG,None,None,0.721,190.1::M1029.fa189:8584-13584,mobileOG_000331887_190.1::M1029.fa189:8584-13584
3,mobileOG_000262674|polC|E7FPC9|replication/recombination/repair|NA|GPD|Homology,1.1::M102.fa0:55389-60389_1 # 2 # 1783 # 1 # ID=20_1;partial=10;start_type=Edge;rbs_motif=None;rbs_spacer=None;gc_cont=0.494,80.9,994,1448,0.0,594,853,1445,1,593,mobileOG_000262674,polC,E7FPC9,replication/recombination/repair,NA,GPD,Homology,1.1::M102.fa0:55389-60389_1, 2 # 1783 # 1 , 2,1783,1 ,20_1,20,1,10,Edge,None,None,0.494,1.1::M102.fa0:55389-60389,mobileOG_000262674_1.1::M102.fa0:55389-60389
4,"mobileOG_000330220|nusA|WP_002288500.1|phage|regulation,infection|Plasmid RefSeq|Homology",1.1::M102.fa0:55389-60389_3 # 2756 # 4018 # 1 # ID=20_3;partial=00;start_type=ATG;rbs_motif=AGGAG;rbs_spacer=5-10bp;gc_cont=0.477,77.4,538,391,6.20e-191,421,1,349,1,349,mobileOG_000330220,nusA,WP_002288500.1,phage,"regulation,infection",Plasmid RefSeq,Homology,1.1::M102.fa0:55389-60389_3, 2756 # 4018 # 1 , 2756,4018,1 ,20_3,20,3,00,ATG,AGGAG,5-10bp,0.477,1.1::M102.fa0:55389-60389,mobileOG_000330220_1.1::M102.fa0:55389-60389
5,mobileOG_000262674|polC|E7FPC9|replication/recombination/repair|NA|GPD|Homology,57.1::M1030.fa56:25556-30556_1 # 2 # 2905 # 1 # ID=22_1;partial=10;start_type=Edge;rbs_motif=None;rbs_spacer=None;gc_cont=0.402,72.9,1442,1448,0.0,968,480,1446,1,966,mobileOG_000262674,polC,E7FPC9,replication/recombination/repair,NA,GPD,Homology,57.1::M1030.fa56:25556-30556_1, 2 # 2905 # 1 , 2,2905,1 ,22_1,22,1,10,Edge,None,None,0.402,57.1::M1030.fa56:25556-30556,mobileOG_000262674_57.1::M1030.fa56:25556-30556
6,"mobileOG_000330220|nusA|WP_002288500.1|phage|regulation,infection|Plasmid RefSeq|Homology",57.1::M1030.fa56:25556-30556_3 # 3531 # 4637 # 1 # ID=22_3;partial=00;start_type=ATG;rbs_motif=AAAAAA;rbs_spacer=11bp;gc_cont=0.396,72.5,492,391,1.04e-173,369,5,349,1,345,mobileOG_000330220,nusA,WP_002288500.1,phage,"regulation,infection",Plasmid RefSeq,Homology,57.1::M1030.fa56:25556-30556_3, 3531 # 4637 # 1 , 3531,4637,1 ,22_3,22,3,00,ATG,AAAAAA,11bp,0.396,57.1::M1030.fa56:25556-30556,mobileOG_000330220_57.1::M1030.fa56:25556-30556
7,mobileOG_000408941|NA:Keyword|WP_009823940.1|integration/excision|NA|Multiple|Keyword Search,28.1::M1043.fa27:10643-15643_1 # 2 # 928 # -1 # ID=34_1;partial=10;start_type=ATG;rbs_motif=GGAGG;rbs_spacer=5-10bp;gc_cont=0.614,100,625,451,1.34e-226,309,1,309,1,309,mobileOG_000408941,NA:Keyword,WP_009823940.1,integration/excision,NA,Multiple,Keyword Search,28.1::M1043.fa27:10643-15643_1, 2 # 928 # -1 , 2,928,-1 ,34_1,34,1,10,ATG,GGAGG,5-10bp,0.614,28.1::M1043.fa27:10643-15643,mobileOG_000408941_28.1::M1043.fa27:10643-15643
8,mobileOG_000409723|NA:Keyword|WP_007015824.1|integration/excision|NA|Multiple|Keyword Search,28.1::M1043.fa27:10643-15643_2 # 925 # 2157 # -1 # ID=34_2;partial=00;start_type=ATG;rbs_motif=AGGAG;rbs_spacer=5-10bp;gc_cont=0.595,100,823,410,1.76e-303,411,1,410,1,410,mobileOG_000409723,NA:Keyword,WP_007015824.1,integration/excision,NA,Multiple,Keyword Search,28.1::M1043.fa27:10643-15643_2, 925 # 2157 # -1 , 925,2157,-1 ,34_2,34,2,00,ATG,AGGAG,5-10bp,0.595,28.1::M1043.fa27:10643-15643,mobileOG_000409723_28.1::M1043.fa27:10643-15643
9,mobileOG_000351730|rex|W8UW49|stability/transfer/defense|phage defense|Plasmid RefSeq|Homology,51.1::M1090.fa50:97880-102880_1 # 3 # 593 # -1 # ID=64_1;partial=10;start_type=ATG;rbs_motif=TAA;rbs_spacer=11bp;gc_cont=0.349,78.8,295,211,1.26e-101,197,6,194,9,197,mobileOG_000351730,rex,W8UW49,stability/transfer/defense,phage defense,Plasmid RefSeq,Homology,51.1::M1090.fa50:97880-102880_1, 3 # 593 # -1 , 3,593,-1 ,64_1,64,1,10,ATG,TAA,11bp,0.349,51.1::M1090.fa50:97880-102880,mobileOG_000351730_51.1::M1090.fa50:97880-102880
10,mobileOG_000373969|yoeB|WP_038355928.1|stability/transfer/defense|NA|Multiple|Homology,34.1::M109.fa33:30244-35244_4 # 3897 # 4151 # -1 # ID=73_4;partial=00;start_type=GTG;rbs_motif=AGGA;rbs_spacer=5-10bp;gc_cont=0.451,94.0,179,84,2.17e-59,85,1,84,1,84,mobileOG_000373969,yoeB,WP_038355928.1,stability/transfer/defense,NA,Multiple,Homology,34.1::M109.fa33:30244-35244_4, 3897 # 4151 # -1 , 3897,4151,-1 ,73_4,73,4,00,GTG,AGGA,5-10bp,0.451,34.1::M109.fa33:30244-35244,mobileOG_000373969_34.1::M109.fa33:30244-35244
11,mobileOG_000347192|yefM|WP_058108458.1|stability/transfer/defense|NA|Plasmid RefSeq|Homology,34.1::M109.fa33:30244-35244_5 # 4148 # 4399 # -1 # ID=73_5;partial=00;start_type=ATG;rbs_motif=AGGAG;rbs_spacer=5-10bp;gc_cont=0.452,97.6,158,83,2.48e-51,84,1,83,1,83,mobileOG_000347192,yefM,WP_058108458.1,stability/transfer/defense,NA,Plasmid RefSeq,Homology,34.1::M109.fa33:30244-35244_5, 4148 # 4399 # -1 , 4148,4399,-1 ,73_5,73,5,00,ATG,AGGAG,5-10bp,0.452,34.1::M109.fa33:30244-35244,mobileOG_000347192_34.1::M109.fa33:30244-35244
12,mobileOG_000038344|NA|WP_011997527.1|integration/excision|NA|Multiple|Homology,21.1::M1163.fa20:24013-29013_4 # 3062 # 3610 # -1 # ID=184_4;partial=00;start_type=TTG;rbs_motif=GGAG/GAGG;rbs_spacer=5-10bp;gc_cont=0.366,93.4,337,183,9.54e-119,183,1,183,1,182,mobileOG_000038344,NA,WP_011997527.1,integration/excision,NA,Multiple,Homology,21.1::M1163.fa20:24013-29013_4, 3062 # 3610 # -1 , 3062,3610,-1 ,184_4,184,4,00,TTG,GGAG/GAGG,5-10bp,0.366,21.1::M1163.fa20:24013-29013,mobileOG_000038344_21.1::M1163.fa20:24013-29013
13,mobileOG_000205804|rarA|I0Q852|replication/recombination/repair|NA|GPD|Homology,26.1::M1163.fa25:13507-16906_1 # 432 # 1700 # -1 # ID=185_1;partial=00;start_type=ATG;rbs_motif=AGGAG;rbs_spacer=5-10bp;gc_cont=0.414,84.8,698,429,1.35e-253,423,7,426,1,420,mobileOG_000205804,rarA,I0Q852,replication/recombination/repair,NA,GPD,Homology,26.1::M1163.fa25:13507-16906_1, 432 # 1700 # -1 , 432,1700,-1 ,185_1,185,1,00,ATG,AGGAG,5-10bp,0.414,26.1::M1163.fa25:13507-16906,mobileOG_000205804_26.1::M1163.fa25:13507-16906
14,mobileOG_000347821|polB|WP_060438125.1|replication/recombination/repair|NA|Plasmid RefSeq|Homology,58.1::M1188.fa57:36219-41219_6 # 4838 # 4999 # 1 # ID=209_6;partial=01;start_type=ATG;rbs_motif=None;rbs_spacer=None;gc_cont=0.667,96.3,110,788,2.70e-29,54,1,54,1,54,mobileOG_000347821,polB,WP_060438125.1,replication/recombination/repair,NA,Plasmid RefSeq,Homology,58.1::M1188.fa57:36219-41219_6, 4838 # 4999 # 1 , 4838,4999,1 ,209_6,209,6,01,ATG,None,None,0.667,58.1::M1188.fa57:36219-41219,mobileOG_000347821_58.1::M1188.fa57:36219-41219
15,mobileOG_000355080|uvrA|WP_033636192.1|replication/recombination/repair|NA|Plasmid RefSeq|Homology,100.1::M1190.fa99:11733-15393_1 # 2 # 121 # 1 # ID=217_1;partial=10;start_type=Edge;rbs_motif=None;rbs_spacer=None;gc_cont=0.692,89.5,74.3,942,1.03e-16,40,904,941,1,38,mobileOG_000355080,uvrA,WP_033636192.1,replication/recombination/repair,NA,Plasmid RefSeq,Homology,100.1::M1190.fa99:11733-15393_1, 2 # 121 # 1 , 2,121,1 ,217_1,217,1,10,Edge,None,None,0.692,100.1::M1190.fa99:11733-15393,mobileOG_000355080_100.1::M1190.fa99:11733-15393
16,mobileOG_000740522|NA:Keyword|WP_002581467.1|integration/excision|NA|Plasmid RefSeq|Keyword Search,108.1::M1195.fa107:14129-19129_5 # 4061 # 4330 # -1 # ID=221_5;partial=00;start_type=ATG;rbs_motif=None;rbs_spacer=None;gc_cont=0.315,75.4,109,483,1.69e-28,90,1,69,1,69,mobileOG_000740522,NA:Keyword,WP_002581467.1,integration/excision,NA,Plasmid RefSeq,Keyword Search,108.1::M1195.fa107:14129-19129_5, 4061 # 4330 # -1 , 4061,4330,-1 ,221_5,221,5,00,ATG,None,None,0.315,108.1::M1195.fa107:14129-19129,mobileOG_000740522_108.1::M1195.fa107:14129-19129
17,mobileOG_000015138|dnaG|A0A0P0QJ09|replication/recombination/repair|NA|GPD|Manual,245.1::M1198.fa244:35005-40005_1 # 2 # 484 # -1 # ID=224_1;partial=10;start_type=ATG;rbs_motif=GGA/GAG/AGG;rbs_spacer=5-10bp;gc_cont=0.530,95.7,319,582,1.24e-106,161,1,161,1,161,mobileOG_000015138,dnaG,A0A0P0QJ09,replication/recombination/repair,NA,GPD,Manual,245.1::M1198.fa244:35005-40005_1, 2 # 484 # -1 , 2,484,-1 ,224_1,224,1,10,ATG,GGA/GAG/AGG,5-10bp,0.530,245.1::M1198.fa244:35005-40005,mobileOG_000015138_245.1::M1198.fa244:35005-40005
18,mobileOG_000030970|clpP|A0A080NIA0|phage|replication/recombination/repair|ACLAME|Homology,310.1::M1199.fa309:10467-11355_1 # 2 # 649 # 1 # ID=225_1;partial=10;start_type=Edge;rbs_motif=None;rbs_spacer=None;gc_cont=0.576,90.1,364,202,7.47e-129,216,1,202,14,215,mobileOG_000030970,clpP,A0A080NIA0,phage,replication/recombination/repair,ACLAME,Homology,310.1::M1199.fa309:10467-11355_1, 2 # 649 # 1 , 2,649,1 ,225_1,225,1,10,Edge,None,None,0.576,310.1::M1199.fa309:10467-11355,mobileOG_000030970_310.1::M1199.fa309:10467-11355
19,"mobileOG_000030969|clpX|A0A1D8IZF7|phage|replication,chaperone|ACLAME|Homology",310.1::M1199.fa309:10467-11355_2 # 751 # 888 # 1 # ID=225_2;partial=01;start_type=ATG;rbs_motif=None;rbs_spacer=None;gc_cont=0.493,97.8,99.8,420,7.91e-26,46,1,46,1,46,mobileOG_000030969,clpX,A0A1D8IZF7,phage,"replication,chaperone",ACLAME,Homology,310.1::M1199.fa309:10467-11355_2, 751 # 888 # 1 , 751,888,1 ,225_2,225,2,01,ATG,None,None,0.493,310.1::M1199.fa309:10467-11355,mobileOG_000030969_310.1::M1199.fa309:10467-11355
20,"mobileOG_000351723|clpX|W8U5B7|phage|replication,chaperone|Plasmid RefSeq|Homology",10.1::M1211.fa9:12446-17446_5 # 3963 # 5000 # -1 # ID=241_5;partial=01;start_type=Edge;rbs_motif=None;rbs_spacer=None;gc_cont=0.346,89.6,598,420,8.72e-216,346,76,420,1,345,mobileOG_000351723,clpX,W8U5B7,phage,"replication,chaperone",Plasmid RefSeq,Homology,10.1::M1211.fa9:12446-17446_5, 3963 # 5000 # -1 , 3963,5000,-1 ,241_5,241,5,01,Edge,None,None,0.346,10.1::M1211.fa9:12446-17446,mobileOG_000351723_10.1::M1211.fa9:12446-17446
21,"mobileOG_000351723|clpX|W8U5B7|phage|replication,chaperone|Plasmid RefSeq|Homology",10.1::M1211.fa9:12446-17446_5 # 3963 # 5000 # -1 # ID=242_5;partial=01;start_type=Edge;rbs_motif=None;rbs_spacer=None;gc_cont=0.346,89.6,598,420,8.72e-216,346,76,420,1,345,mobileOG_000351723,clpX,W8U5B7,phage,"replication,chaperone",Plasmid RefSeq,Homology,10.1::M1211.fa9:12446-17446_5, 3963 # 5000 # -1 , 3963,5000,-1 ,242_5,242,5,01,Edge,None,None,0.346,10.1::M1211.fa9:12446-17446,mobileOG_000351723_10.1::M1211.fa9:12446-17446
22,"mobileOG_000351723|clpX|W8U5B7|phage|replication,chaperone|Plasmid RefSeq|Homology",10.1::M1211.fa9:12446-17446_5 # 3963 # 5000 # -1 # ID=243_5;partial=01;start_type=Edge;rbs_motif=None;rbs_spacer=None;gc_cont=0.346,89.6,598,420,8.72e-216,346,76,420,1,345,mobileOG_000351723,clpX,W8U5B7,phage,"replication,chaperone",Plasmid RefSeq,Homology,10.1::M1211.fa9:12446-17446_5, 3963 # 5000 # -1 , 3963,5000,-1 ,243_5,243,5,01,Edge,None,None,0.346,10.1::M1211.fa9:12446-17446,mobileOG_000351723_10.1::M1211.fa9:12446-17446
23,mobileOG_000341440|rnhA|WP_060593940.1|replication/recombination/repair|NA|Plasmid RefSeq|Homology,27.1::M121.fa26:43263-48263_7 # 4077 # 4664 # -1 # ID=255_7;partial=00;start_type=GTG;rbs_motif=AGGAG;rbs_spacer=3-4bp;gc_cont=0.755,70.8,213,181,1.11e-69,196,1,144,1,143,mobileOG_000341440,rnhA,WP_060593940.1,replication/recombination/repair,NA,Plasmid RefSeq,Homology,27.1::M121.fa26:43263-48263_7, 4077 # 4664 # -1 , 4077,4664,-1 ,255_7,255,7,00,GTG,AGGAG,3-4bp,0.755,27.1::M121.fa26:43263-48263,mobileOG_000341440_27.1::M121.fa26:43263-48263
24,mobileOG_000740027|NA:Keyword|A0A316C947|transfer|NA|Plasmid RefSeq|Keyword Search,13.1::M1221.fa12:21674-26674_1 # 30 # 1283 # -1 # ID=259_1;partial=00;start_type=ATG;rbs_motif=AGxAGG/AGGxGG;rbs_spacer=5-10bp;gc_cont=0.616,84.9,736,417,8.37e-269,418,1,417,1,417,mobileOG_000740027,NA:Keyword,A0A316C947,transfer,NA,Plasmid RefSeq,Keyword Search,13.1::M1221.fa12:21674-26674_1, 30 # 1283 # -1 , 30,1283,-1 ,259_1,259,1,00,ATG,AGxAGG/AGGxGG,5-10bp,0.616,13.1::M1221.fa12:21674-26674,mobileOG_000740027_13.1::M1221.fa12:21674-26674
25,"mobileOG_000351723|clpX|W8U5B7|phage|replication,chaperone|Plasmid RefSeq|Homology",40.1::M1224.fa39:58081-63081_6 # 4205 # 4999 # -1 # ID=262_6;partial=01;start_type=Edge;rbs_motif=None;rbs_spacer=None;gc_cont=0.338,89.4,461,420,7.08e-163,265,157,420,1,264,mobileOG_000351723,clpX,W8U5B7,phage,"replication,chaperone",Plasmid RefSeq,Homology,40.1::M1224.fa39:58081-63081_6, 4205 # 4999 # -1 , 4205,4999,-1 ,262_6,262,6,01,Edge,None,None,0.338,40.1::M1224.fa39:58081-63081,mobileOG_000351723_40.1::M1224.fa39:58081-63081
26,mobileOG_000240651|orf9|A0A2P5IL40|phage|structural|GPD|Homology,225.1::M1228.fa224:13846-18846_1 # 3 # 641 # -1 # ID=273_1;partial=10;start_type=ATG;rbs_motif=GGA/GAG/AGG;rbs_spacer=5-10bp;gc_cont=0.567,84.0,336,399,6.98e-115,213,1,213,1,213,mobileOG_000240651,orf9,A0A2P5IL40,phage,structural,GPD,Homology,225.1::M1228.fa224:13846-18846_1, 3 # 641 # -1 , 3,641,-1 ,273_1,273,1,10,ATG,GGA/GAG/AGG,5-10bp,0.567,225.1::M1228.fa224:13846-18846,mobileOG_000240651_225.1::M1228.fa224:13846-18846
27,mobileOG_000314329|umuC|WP_012477746.1|replication/recombination/repair|NA|Multiple|Homology,12.1::M1250.fa11:8603-13603_1 # 1 # 531 # 1 # ID=281_1;partial=10;start_type=Edge;rbs_motif=None;rbs_spacer=None;gc_cont=0.356,98.3,323,488,2.55e-109,177,313,488,1,176,mobileOG_000314329,umuC,WP_012477746.1,replication/recombination/repair,NA,Multiple,Homology,12.1::M1250.fa11:8603-13603_1, 1 # 531 # 1 , 1,531,1 ,281_1,281,1,10,Edge,None,None,0.356,12.1::M1250.fa11:8603-13603,mobileOG_000314329_12.1::M1250.fa11:8603-13603
28,mobileOG_000282635|recA|WP_021214681.1|replication/recombination/repair|NA|Plasmid RefSeq|Homology,12.1::M1250.fa11:8603-13603_3 # 935 # 1960 # 1 # ID=281_3;partial=00;start_type=ATG;rbs_motif=AGGAG;rbs_spacer=5-10bp;gc_cont=0.362,100,655,341,1.15e-239,342,1,340,1,340,mobileOG_000282635,recA,WP_021214681.1,replication/recombination/repair,NA,Plasmid RefSeq,Homology,12.1::M1250.fa11:8603-13603_3, 935 # 1960 # 1 , 935,1960,1 ,281_3,281,3,00,ATG,AGGAG,5-10bp,0.362,12.1::M1250.fa11:8603-13603,mobileOG_000282635_12.1::M1250.fa11:8603-13603
29,mobileOG_000407848|NA:Keyword|WP_014573539.1|transfer|partitioning|COMPASS|Keyword Search,12.1::M1250.fa11:8603-13603_5 # 2198 # 2926 # -1 # ID=281_5;partial=00;start_type=ATG;rbs_motif=GGAG/GAGG;rbs_spacer=5-10bp;gc_cont=0.328,99.2,445,242,9.14e-160,243,1,242,1,242,mobileOG_000407848,NA:Keyword,WP_014573539.1,transfer,partitioning,COMPASS,Keyword Search,12.1::M1250.fa11:8603-13603_5, 2198 # 2926 # -1 , 2198,2926,-1 ,281_5,281,5,00,ATG,GGAG/GAGG,5-10bp,0.328,12.1::M1250.fa11:8603-13603,mobileOG_000407848_12.1::M1250.fa11:8603-13603
30,mobileOG_000421961|NA:Keyword|A0A2I2A8Q9|phage|NA|GPD|Keyword Search,20.1::M1261.fa19:30492-34073_1 # 3 # 446 # -1 # ID=290_1;partial=10;start_type=ATG;rbs_motif=GGAGG;rbs_spacer=5-10bp;gc_cont=0.459,81.4,245,421,6.91e-80,148,5,144,9,148,mobileOG_000421961,NA:Keyword,A0A2I2A8Q9,phage,NA,GPD,Keyword Search,20.1::M1261.fa19:30492-34073_1, 3 # 446 # -1 , 3,446,-1 ,290_1,290,1,10,ATG,GGAGG,5-10bp,0.459,20.1::M1261.fa19:30492-34073,mobileOG_000421961_20.1::M1261.fa19:30492-34073
31,"mobileOG_000389008|gp44|A0A5B7Y0T4|phage|infection,regulation|pVOG|Homology",20.1::M1261.fa19:30492-34073_2 # 430 # 1185 # -1 # ID=290_2;partial=00;start_type=TTG;rbs_motif=AGxAGG/AGGxGG;rbs_spacer=5-10bp;gc_cont=0.491,84.1,412,250,3.16e-146,252,1,250,1,251,mobileOG_000389008,gp44,A0A5B7Y0T4,phage,"infection,regulation",pVOG,Homology,20.1::M1261.fa19:30492-34073_2, 430 # 1185 # -1 , 430,1185,-1 ,290_2,290,2,00,TTG,AGxAGG/AGGxGG,5-10bp,0.491,20.1::M1261.fa19:30492-34073,mobileOG_000389008_20.1::M1261.fa19:30492-34073
32,mobileOG_000421961|NA:Keyword|A0A2I2A8Q9|phage|NA|GPD|Keyword Search,2.1::M1264.fa1:30610-35610_1 # 3 # 446 # -1 # ID=296_1;partial=10;start_type=ATG;rbs_motif=GGAGG;rbs_spacer=5-10bp;gc_cont=0.459,81.4,245,421,6.91e-80,148,5,144,9,148,mobileOG_000421961,NA:Keyword,A0A2I2A8Q9,phage,NA,GPD,Keyword Search,2.1::M1264.fa1:30610-35610_1, 3 # 446 # -1 , 3,446,-1 ,296_1,296,1,10,ATG,GGAGG,5-10bp,0.459,2.1::M1264.fa1:30610-35610,mobileOG_000421961_2.1::M1264.fa1:30610-35610
33,"mobileOG_000389008|gp44|A0A5B7Y0T4|phage|infection,regulation|pVOG|Homology",2.1::M1264.fa1:30610-35610_2 # 430 # 1185 # -1 # ID=296_2;partial=00;start_type=TTG;rbs_motif=AGxAGG/AGGxGG;rbs_spacer=5-10bp;gc_cont=0.491,84.1,412,250,3.16e-146,252,1,250,1,251,mobileOG_000389008,gp44,A0A5B7Y0T4,phage,"infection,regulation",pVOG,Homology,2.1::M1264.fa1:30610-35610_2, 430 # 1185 # -1 , 430,1185,-1 ,296_2,296,2,00,TTG,AGxAGG/AGGxGG,5-10bp,0.491,2.1::M1264.fa1:30610-35610,mobileOG_000389008_2.1::M1264.fa1:30610-35610
34,mobileOG_000098603|rusA|U2PKD1|replication/recombination/repair|NA|GPD|Homology,2.1::M1264.fa1:30610-35610_11 # 4837 # 4998 # -1 # ID=296_11;partial=01;start_type=Edge;rbs_motif=None;rbs_spacer=None;gc_cont=0.451,96.2,107,139,4.80e-31,54,82,133,1,52,mobileOG_000098603,rusA,U2PKD1,replication/recombination/repair,NA,GPD,Homology,2.1::M1264.fa1:30610-35610_11, 4837 # 4998 # -1 , 4837,4998,-1 ,296_11,296,11,01,Edge,None,None,0.451,2.1::M1264.fa1:30610-35610,mobileOG_000098603_2.1::M1264.fa1:30610-35610
35,mobileOG_000421961|NA:Keyword|A0A2I2A8Q9|phage|NA|GPD|Keyword Search,2.1::M1264.fa1:30610-35610_1 # 3 # 446 # -1 # ID=297_1;partial=10;start_type=ATG;rbs_motif=GGAGG;rbs_spacer=5-10bp;gc_cont=0.459,81.4,245,421,6.91e-80,148,5,144,9,148,mobileOG_000421961,NA:Keyword,A0A2I2A8Q9,phage,NA,GPD,Keyword Search,2.1::M1264.fa1:30610-35610_1, 3 # 446 # -1 , 3,446,-1 ,297_1,297,1,10,ATG,GGAGG,5-10bp,0.459,2.1::M1264.fa1:30610-35610,mobileOG_000421961_2.1::M1264.fa1:30610-35610
36,"mobileOG_000389008|gp44|A0A5B7Y0T4|phage|infection,regulation|pVOG|Homology",2.1::M1264.fa1:30610-35610_2 # 430 # 1185 # -1 # ID=297_2;partial=00;start_type=TTG;rbs_motif=AGxAGG/AGGxGG;rbs_spacer=5-10bp;gc_cont=0.491,84.1,412,250,3.16e-146,252,1,250,1,251,mobileOG_000389008,gp44,A0A5B7Y0T4,phage,"infection,regulation",pVOG,Homology,2.1::M1264.fa1:30610-35610_2, 430 # 1185 # -1 , 430,1185,-1 ,297_2,297,2,00,TTG,AGxAGG/AGGxGG,5-10bp,0.491,2.1::M1264.fa1:30610-35610,mobileOG_000389008_2.1::M1264.fa1:30610-35610
37,mobileOG_000098603|rusA|U2PKD1|replication/recombination/repair|NA|GPD|Homology,2.1::M1264.fa1:30610-35610_11 # 4837 # 4998 # -1 # ID=297_11;partial=01;start_type=Edge;rbs_motif=None;rbs_spacer=None;gc_cont=0.451,96.2,107,139,4.80e-31,54,82,133,1,52,mobileOG_000098603,rusA,U2PKD1,replication/recombination/repair,NA,GPD,Homology,2.1::M1264.fa1:30610-35610_11, 4837 # 4998 # -1 , 4837,4998,-1 ,297_11,297,11,01,Edge,None,None,0.451,2.1::M1264.fa1:30610-35610,mobileOG_000098603_2.1::M1264.fa1:30610-35610
38,mobileOG_000421961|NA:Keyword|A0A2I2A8Q9|phage|NA|GPD|Keyword Search,2.1::M1264.fa1:30610-35610_1 # 3 # 446 # -1 # ID=298_1;partial=10;start_type=ATG;rbs_motif=GGAGG;rbs_spacer=5-10bp;gc_cont=0.459,81.4,245,421,6.91e-80,148,5,144,9,148,mobileOG_000421961,NA:Keyword,A0A2I2A8Q9,phage,NA,GPD,Keyword Search,2.1::M1264.fa1:30610-35610_1, 3 # 446 # -1 , 3,446,-1 ,298_1,298,1,10,ATG,GGAGG,5-10bp,0.459,2.1::M1264.fa1:30610-35610,mobileOG_000421961_2.1::M1264.fa1:30610-35610
39,"mobileOG_000389008|gp44|A0A5B7Y0T4|phage|infection,regulation|pVOG|Homology",2.1::M1264.fa1:30610-35610_2 # 430 # 1185 # -1 # ID=298_2;partial=00;start_type=TTG;rbs_motif=AGxAGG/AGGxGG;rbs_spacer=5-10bp;gc_cont=0.491,84.1,412,250,3.16e-146,252,1,250,1,251,mobileOG_000389008,gp44,A0A5B7Y0T4,phage,"infection,regulation",pVOG,Homology,2.1::M1264.fa1:30610-35610_2, 430 # 1185 # -1 , 430,1185,-1 ,298_2,298,2,00,TTG,AGxAGG/AGGxGG,5-10bp,0.491,2.1::M1264.fa1:30610-35610,mobileOG_000389008_2.1::M1264.fa1:30610-35610
40,mobileOG_000098603|rusA|U2PKD1|replication/recombination/repair|NA|GPD|Homology,2.1::M1264.fa1:30610-35610_11 # 4837 # 4998 # -1 # ID=298_11;partial=01;start_type=Edge;rbs_motif=None;rbs_spacer=None;gc_cont=0.451,96.2,107,139,4.80e-31,54,82,133,1,52,mobileOG_000098603,rusA,U2PKD1,replication/recombination/repair,NA,GPD,Homology,2.1::M1264.fa1:30610-35610_11, 4837 # 4998 # -1 , 4837,4998,-1 ,298_11,298,11,01,Edge,None,None,0.451,2.1::M1264.fa1:30610-35610,mobileOG_000098603_2.1::M1264.fa1:30610-35610
41,mobileOG_000200771|intF|A0A0P8I081|integration/excision|NA|GPD|Homology,2.1::M1271.fa1:262690-267690_6 # 3661 # 4980 # 1 # ID=315_6;partial=00;start_type=ATG;rbs_motif=None;rbs_spacer=None;gc_cont=0.459,99.5,867,439,0.0,440,1,439,1,439,mobileOG_000200771,intF,A0A0P8I081,integration/excision,NA,GPD,Homology,2.1::M1271.fa1:262690-267690_6, 3661 # 4980 # 1 , 3661,4980,1 ,315_6,315,6,00,ATG,None,None,0.459,2.1::M1271.fa1:262690-267690,mobileOG_000200771_2.1::M1271.fa1:262690-267690
42,mobileOG_000200771|intF|A0A0P8I081|integration/excision|NA|GPD|Homology,2.1::M1271.fa1:262690-267690_6 # 3661 # 4980 # 1 # ID=316_6;partial=00;start_type=ATG;rbs_motif=None;rbs_spacer=None;gc_cont=0.459,99.5,867,439,0.0,440,1,439,1,439,mobileOG_000200771,intF,A0A0P8I081,integration/excision,NA,GPD,Homology,2.1::M1271.fa1:262690-267690_6, 3661 # 4980 # 1 , 3661,4980,1 ,316_6,316,6,00,ATG,None,None,0.459,2.1::M1271.fa1:262690-267690,mobileOG_000200771_2.1::M1271.fa1:262690-267690
43,mobileOG_000333733|clpB|WP_001542643.1|phage|chaperone|Plasmid RefSeq|Homology,9.1::M1271.fa8:120987-125078_1 # 2 # 748 # -1 # ID=318_1;partial=10;start_type=GTG;rbs_motif=3Base/5BMM;rbs_spacer=13-15bp;gc_cont=0.513,80.0,377,877,1.81e-124,249,190,434,5,249,mobileOG_000333733,clpB,WP_001542643.1,phage,chaperone,Plasmid RefSeq,Homology,9.1::M1271.fa8:120987-125078_1, 2 # 748 # -1 , 2,748,-1 ,318_1,318,1,10,GTG,3Base/5BMM,13-15bp,0.513,9.1::M1271.fa8:120987-125078,mobileOG_000333733_9.1::M1271.fa8:120987-125078
44,mobileOG_000054280|parA|WP_007780816.1|replication/recombination/repair|partitioning|COMPASS|Homology,15.1::M1271.fa14:51396-56396_1 # 33 # 1229 # -1 # ID=319_1;partial=00;start_type=ATG;rbs_motif=GGA/GAG/AGG;rbs_spacer=5-10bp;gc_cont=0.542,100,773,398,3.16e-284,399,1,398,1,398,mobileOG_000054280,parA,WP_007780816.1,replication/recombination/repair,partitioning,COMPASS,Homology,15.1::M1271.fa14:51396-56396_1, 33 # 1229 # -1 , 33,1229,-1 ,319_1,319,1,00,ATG,GGA/GAG/AGG,5-10bp,0.542,15.1::M1271.fa14:51396-56396,mobileOG_000054280_15.1::M1271.fa14:51396-56396
45,"mobileOG_000062093|repA|WP_007780813.1|replication/recombination/repair|initiation,copy number control,plasmid|Multiple|Homology",15.1::M1271.fa14:51396-56396_3 # 2080 # 3093 # 1 # ID=319_3;partial=00;start_type=GTG;rbs_motif=AGGAG;rbs_spacer=5-10bp;gc_cont=0.554,100,644,337,2.21e-235,338,1,337,1,337,mobileOG_000062093,repA,WP_007780813.1,replication/recombination/repair,"initiation,copy number control,plasmid",Multiple,Homology,15.1::M1271.fa14:51396-56396_3, 2080 # 3093 # 1 , 2080,3093,1 ,319_3,319,3,00,GTG,AGGAG,5-10bp,0.554,15.1::M1271.fa14:51396-56396,mobileOG_000062093_15.1::M1271.fa14:51396-56396
46,mobileOG_000062094|cdiB|WP_007780811.1|stability/transfer/defense|NA|Multiple|Homology,15.1::M1271.fa14:51396-56396_4 # 3733 # 4998 # 1 # ID=319_4;partial=01;start_type=ATG;rbs_motif=GGA/GAG/AGG;rbs_spacer=5-10bp;gc_cont=0.586,100,833,554,6.73e-305,422,1,422,1,422,mobileOG_000062094,cdiB,WP_007780811.1,stability/transfer/defense,NA,Multiple,Homology,15.1::M1271.fa14:51396-56396_4, 3733 # 4998 # 1 , 3733,4998,1 ,319_4,319,4,01,ATG,GGA/GAG/AGG,5-10bp,0.586,15.1::M1271.fa14:51396-56396,mobileOG_000062094_15.1::M1271.fa14:51396-56396
47,mobileOG_000329679|mutY|WP_001148952.1|replication/recombination/repair|NA|Plasmid RefSeq|Homology,38.1::M1271.fa37:18445-23445_1 # 86 # 1171 # 1 # ID=320_1;partial=00;start_type=ATG;rbs_motif=None;rbs_spacer=None;gc_cont=0.605,83.8,612,350,8.38e-222,362,1,345,2,346,mobileOG_000329679,mutY,WP_001148952.1,replication/recombination/repair,NA,Plasmid RefSeq,Homology,38.1::M1271.fa37:18445-23445_1, 86 # 1171 # 1 , 86,1171,1 ,320_1,320,1,00,ATG,None,None,0.605,38.1::M1271.fa37:18445-23445,mobileOG_000329679_38.1::M1271.fa37:18445-23445
48,"mobileOG_000369897|qmcA|WP_167315467.1|phage|lysis/lysogeny,regulation|Plasmid RefSeq|Homology",25.1::M1280.fa24:30549-31641_1 # 3 # 107 # 1 # ID=330_1;partial=10;start_type=Edge;rbs_motif=None;rbs_spacer=None;gc_cont=0.495,78.1,51.2,315,1.13e-08,35,283,314,1,32,mobileOG_000369897,qmcA,WP_167315467.1,phage,"lysis/lysogeny,regulation",Plasmid RefSeq,Homology,25.1::M1280.fa24:30549-31641_1, 3 # 107 # 1 , 3,107,1 ,330_1,330,1,10,Edge,None,None,0.495,25.1::M1280.fa24:30549-31641,mobileOG_000369897_25.1::M1280.fa24:30549-31641
49,mobileOG_000334478|xth|WP_011519331.1|replication/recombination/repair|NA|Plasmid RefSeq|Homology,22.1::M1288.fa21:52530-57530_3 # 1594 # 2394 # 1 # ID=338_3;partial=00;start_type=ATG;rbs_motif=GGA/GAG/AGG;rbs_spacer=5-10bp;gc_cont=0.638,71.7,409,283,3.07e-144,267,1,258,1,258,mobileOG_000334478,xth,WP_011519331.1,replication/recombination/repair,NA,Plasmid RefSeq,Homology,22.1::M1288.fa21:52530-57530_3, 1594 # 2394 # 1 , 1594,2394,1 ,338_3,338,3,00,ATG,GGA/GAG/AGG,5-10bp,0.638,22.1::M1288.fa21:52530-57530,mobileOG_000334478_22.1::M1288.fa21:52530-57530
50,"mobileOG_000023778|pilT_3|A0A154FZT9|transfer|conjugation,regulation|Plasmid RefSeq|Manual",400.1::M1303.fa399:28252-33252_1 # 2 # 427 # 1 # ID=352_1;partial=10;start_type=Edge;rbs_motif=None;rbs_spacer=None;gc_cont=0.559,83.0,221,355,1.34e-71,142,214,354,1,141,mobileOG_000023778,pilT_3,A0A154FZT9,transfer,"conjugation,regulation",Plasmid RefSeq,Manual,400.1::M1303.fa399:28252-33252_1, 2 # 427 # 1 , 2,427,1 ,352_1,352,1,10,Edge,None,None,0.559,400.1::M1303.fa399:28252-33252,mobileOG_000023778_400.1::M1303.fa399:28252-33252
51,mobileOG_000754499|NA:Keyword|WP_000347039.1|transfer|NA|Plasmid RefSeq|Keyword Search,400.1::M1303.fa399:28252-33252_2 # 472 # 1620 # 1 # ID=352_2;partial=00;start_type=ATG;rbs_motif=AGGA;rbs_spacer=5-10bp;gc_cont=0.536,72.7,510,372,6.49e-181,383,1,355,1,354,mobileOG_000754499,NA:Keyword,WP_000347039.1,transfer,NA,Plasmid RefSeq,Keyword Search,400.1::M1303.fa399:28252-33252_2, 472 # 1620 # 1 , 472,1620,1 ,352_2,352,2,00,ATG,AGGA,5-10bp,0.536,400.1::M1303.fa399:28252-33252,mobileOG_000754499_400.1::M1303.fa399:28252-33252
52,mobileOG_000326161|dcm|WP_113765629.1|stability/transfer/defense|NA|Plasmid RefSeq|Homology,10.1::M1313.fa9:25140-30140_7 # 3532 # 4872 # 1 # ID=369_7;partial=00;start_type=TTG;rbs_motif=GGAGG;rbs_spacer=5-10bp;gc_cont=0.336,82.1,733,435,6.04e-267,447,1,434,13,445,mobileOG_000326161,dcm,WP_113765629.1,stability/transfer/defense,NA,Plasmid RefSeq,Homology,10.1::M1313.fa9:25140-30140_7, 3532 # 4872 # 1 , 3532,4872,1 ,369_7,369,7,00,TTG,GGAGG,5-10bp,0.336,10.1::M1313.fa9:25140-30140,mobileOG_000326161_10.1::M1313.fa9:25140-30140
53,mobileOG_000349607|hup|WP_041135069.1|replication/recombination/repair|integration/excision|Plasmid RefSeq|Homology,25.1::M142.fa24:7495-12495_4 # 1231 # 1509 # -1 # ID=390_4;partial=00;start_type=ATG;rbs_motif=AGGAG;rbs_spacer=5-10bp;gc_cont=0.351,73.0,117,90,1.30e-34,93,1,89,1,89,mobileOG_000349607,hup,WP_041135069.1,replication/recombination/repair,integration/excision,Plasmid RefSeq,Homology,25.1::M142.fa24:7495-12495_4, 1231 # 1509 # -1 , 1231,1509,-1 ,390_4,390,4,00,ATG,AGGAG,5-10bp,0.351,25.1::M142.fa24:7495-12495,mobileOG_000349607_25.1::M142.fa24:7495-12495
54,"mobileOG_000330220|nusA|WP_002288500.1|phage|regulation,infection|Plasmid RefSeq|Homology",4.1::M153.fa3:26115-31115_2 # 466 # 1683 # 1 # ID=395_2;partial=00;start_type=ATG;rbs_motif=AGGAG;rbs_spacer=5-10bp;gc_cont=0.454,73.9,540,391,3.01e-192,406,1,374,1,379,mobileOG_000330220,nusA,WP_002288500.1,phage,"regulation,infection",Plasmid RefSeq,Homology,4.1::M153.fa3:26115-31115_2, 466 # 1683 # 1 , 466,1683,1 ,395_2,395,2,00,ATG,AGGAG,5-10bp,0.454,4.1::M153.fa3:26115-31115,mobileOG_000330220_4.1::M153.fa3:26115-31115
55,mobileOG_000205804|rarA|I0Q852|replication/recombination/repair|NA|GPD|Homology,16.1::M168.fa15:5753-10753_1 # 1 # 216 # -1 # ID=411_1;partial=10;start_type=ATG;rbs_motif=GGAG/GAGG;rbs_spacer=5-10bp;gc_cont=0.380,77.8,111,429,1.38e-29,72,7,78,1,72,mobileOG_000205804,rarA,I0Q852,replication/recombination/repair,NA,GPD,Homology,16.1::M168.fa15:5753-10753_1, 1 # 216 # -1 , 1,216,-1 ,411_1,411,1,10,ATG,GGAG/GAGG,5-10bp,0.380,16.1::M168.fa15:5753-10753,mobileOG_000205804_16.1::M168.fa15:5753-10753
56,mobileOG_000015284|umuD|A0A0A5LWI7|replication/recombination/repair|NA|GPD|Manual,9.1::M174.fa8:108275-113275_2 # 870 # 1292 # 1 # ID=428_2;partial=00;start_type=ATG;rbs_motif=GGA/GAG/AGG;rbs_spacer=5-10bp;gc_cont=0.534,90.7,261,140,4.28e-90,141,1,140,1,140,mobileOG_000015284,umuD,A0A0A5LWI7,replication/recombination/repair,NA,GPD,Manual,9.1::M174.fa8:108275-113275_2, 870 # 1292 # 1 , 870,1292,1 ,428_2,428,2,00,ATG,GGA/GAG/AGG,5-10bp,0.534,9.1::M174.fa8:108275-113275,mobileOG_000015284_9.1::M174.fa8:108275-113275
57,mobileOG_000189149|umuC|A0A1B3FBE2|replication/recombination/repair|NA|GPD|Homology,9.1::M174.fa8:108275-113275_3 # 1292 # 2560 # 1 # ID=428_3;partial=00;start_type=ATG;rbs_motif=GGAG/GAGG;rbs_spacer=5-10bp;gc_cont=0.573,86.7,755,422,2.09e-276,423,1,421,1,421,mobileOG_000189149,umuC,A0A1B3FBE2,replication/recombination/repair,NA,GPD,Homology,9.1::M174.fa8:108275-113275_3, 1292 # 2560 # 1 , 1292,2560,1 ,428_3,428,3,00,ATG,GGAG/GAGG,5-10bp,0.573,9.1::M174.fa8:108275-113275,mobileOG_000189149_9.1::M174.fa8:108275-113275
58,mobileOG_000351730|rex|W8UW49|stability/transfer/defense|phage defense|Plasmid RefSeq|Homology,20.1::M203.fa19:10177-15177_1 # 3 # 383 # -1 # ID=440_1;partial=10;start_type=ATG;rbs_motif=TAA;rbs_spacer=12bp;gc_cont=0.315,87.0,216,211,1.71e-71,127,2,124,5,127,mobileOG_000351730,rex,W8UW49,stability/transfer/defense,phage defense,Plasmid RefSeq,Homology,20.1::M203.fa19:10177-15177_1, 3 # 383 # -1 , 3,383,-1 ,440_1,440,1,10,ATG,TAA,12bp,0.315,20.1::M203.fa19:10177-15177,mobileOG_000351730_20.1::M203.fa19:10177-15177
59,mobileOG_000351730|rex|W8UW49|stability/transfer/defense|phage defense|Plasmid RefSeq|Homology,20.1::M203.fa19:10177-15177_1 # 3 # 383 # -1 # ID=441_1;partial=10;start_type=ATG;rbs_motif=TAA;rbs_spacer=12bp;gc_cont=0.315,87.0,216,211,1.71e-71,127,2,124,5,127,mobileOG_000351730,rex,W8UW49,stability/transfer/defense,phage defense,Plasmid RefSeq,Homology,20.1::M203.fa19:10177-15177_1, 3 # 383 # -1 , 3,383,-1 ,441_1,441,1,10,ATG,TAA,12bp,0.315,20.1::M203.fa19:10177-15177,mobileOG_000351730_20.1::M203.fa19:10177-15177
60,mobileOG_000435100|NA:Keyword|A0A2N5NVJ0|integration/excision|NA|GPD|Keyword Search,39.1::M204.fa38:7329-12329_2 # 502 # 1002 # -1 # ID=442_2;partial=00;start_type=ATG;rbs_motif=GGAG/GAGG;rbs_spacer=5-10bp;gc_cont=0.543,75.0,192,158,4.01e-62,167,3,126,8,135,mobileOG_000435100,NA:Keyword,A0A2N5NVJ0,integration/excision,NA,GPD,Keyword Search,39.1::M204.fa38:7329-12329_2, 502 # 1002 # -1 , 502,1002,-1 ,442_2,442,2,00,ATG,GGAG/GAGG,5-10bp,0.543,39.1::M204.fa38:7329-12329,mobileOG_000435100_39.1::M204.fa38:7329-12329
61,mobileOG_000262674|polC|E7FPC9|replication/recombination/repair|NA|GPD|Homology,16.1::M212.fa15:41818-46818_1 # 2 # 3238 # 1 # ID=456_1;partial=10;start_type=Edge;rbs_motif=None;rbs_spacer=None;gc_cont=0.491,72.4,1607,1448,0.0,1079,370,1446,1,1076,mobileOG_000262674,polC,E7FPC9,replication/recombination/repair,NA,GPD,Homology,16.1::M212.fa15:41818-46818_1, 2 # 3238 # 1 , 2,3238,1 ,456_1,456,1,10,Edge,None,None,0.491,16.1::M212.fa15:41818-46818,mobileOG_000262674_16.1::M212.fa15:41818-46818
62,"mobileOG_000330220|nusA|WP_002288500.1|phage|regulation,infection|Plasmid RefSeq|Homology",16.1::M212.fa15:41818-46818_3 # 4429 # 4998 # 1 # ID=456_3;partial=01;start_type=ATG;rbs_motif=AGGAG;rbs_spacer=5-10bp;gc_cont=0.470,70.5,271,391,5.99e-90,190,1,190,1,190,mobileOG_000330220,nusA,WP_002288500.1,phage,"regulation,infection",Plasmid RefSeq,Homology,16.1::M212.fa15:41818-46818_3, 4429 # 4998 # 1 , 4429,4998,1 ,456_3,456,3,01,ATG,AGGAG,5-10bp,0.470,16.1::M212.fa15:41818-46818,mobileOG_000330220_16.1::M212.fa15:41818-46818
63,mobileOG_000404458|NA:Keyword|Q5FQY2|integration/excision|NA|COMPASS|Keyword Search,71.1::M216.fa70:7200-10354_2 # 1813 # 2025 # 1 # ID=457_2;partial=00;start_type=ATG;rbs_motif=GGA/GAG/AGG;rbs_spacer=3-4bp;gc_cont=0.521,80.0,121,122,2.02e-36,71,4,73,1,70,mobileOG_000404458,NA:Keyword,Q5FQY2,integration/excision,NA,COMPASS,Keyword Search,71.1::M216.fa70:7200-10354_2, 1813 # 2025 # 1 , 1813,2025,1 ,457_2,457,2,00,ATG,GGA/GAG/AGG,3-4bp,0.521,71.1::M216.fa70:7200-10354,mobileOG_000404458_71.1::M216.fa70:7200-10354
64,mobileOG_000355695|ghoT|WP_010247416.1|stability/transfer/defense|NA|Multiple|Homology,9.1::M222.fa8:68041-73041_3 # 1499 # 1672 # -1 # ID=469_3;partial=00;start_type=ATG;rbs_motif=GGAG/GAGG;rbs_spacer=5-10bp;gc_cont=0.500,100,104,57,9.45e-31,58,1,57,1,57,mobileOG_000355695,ghoT,WP_010247416.1,stability/transfer/defense,NA,Multiple,Homology,9.1::M222.fa8:68041-73041_3, 1499 # 1672 # -1 , 1499,1672,-1 ,469_3,469,3,00,ATG,GGAG/GAGG,5-10bp,0.500,9.1::M222.fa8:68041-73041,mobileOG_000355695_9.1::M222.fa8:68041-73041
65,"mobileOG_000375758|hfq|WP_016209846.1|phage|infection,regulation|Plasmid RefSeq|Homology",26.1::M246.fa25:37039-42039_3 # 2135 # 2395 # -1 # ID=487_3;partial=00;start_type=ATG;rbs_motif=AGGAG;rbs_spacer=5-10bp;gc_cont=0.536,73.3,125,84,3.80e-38,87,1,83,1,86,mobileOG_000375758,hfq,WP_016209846.1,phage,"infection,regulation",Plasmid RefSeq,Homology,26.1::M246.fa25:37039-42039_3, 2135 # 2395 # -1 , 2135,2395,-1 ,487_3,487,3,00,ATG,AGGAG,5-10bp,0.536,26.1::M246.fa25:37039-42039,mobileOG_000375758_26.1::M246.fa25:37039-42039
66,"mobileOG_000330220|nusA|WP_002288500.1|phage|regulation,infection|Plasmid RefSeq|Homology",1.1::M252.fa0:228890-233890_2 # 397 # 1614 # 1 # ID=491_2;partial=00;start_type=ATG;rbs_motif=None;rbs_spacer=None;gc_cont=0.455,73.9,540,391,3.01e-192,406,1,374,1,379,mobileOG_000330220,nusA,WP_002288500.1,phage,"regulation,infection",Plasmid RefSeq,Homology,1.1::M252.fa0:228890-233890_2, 397 # 1614 # 1 , 397,1614,1 ,491_2,491,2,00,ATG,None,None,0.455,1.1::M252.fa0:228890-233890,mobileOG_000330220_1.1::M252.fa0:228890-233890
67,mobileOG_000410366|NA:Keyword|A0A212ISK5|integration/excision|NA|COMPASS|Keyword Search,5.1::M273.fa4:60240-65240_3 # 2170 # 3102 # -1 # ID=510_3;partial=00;start_type=ATG;rbs_motif=GGA/GAG/AGG;rbs_spacer=11-12bp;gc_cont=0.591,76.8,366,406,5.83e-125,311,166,401,68,298,mobileOG_000410366,NA:Keyword,A0A212ISK5,integration/excision,NA,COMPASS,Keyword Search,5.1::M273.fa4:60240-65240_3, 2170 # 3102 # -1 , 2170,3102,-1 ,510_3,510,3,00,ATG,GGA/GAG/AGG,11-12bp,0.591,5.1::M273.fa4:60240-65240,mobileOG_000410366_5.1::M273.fa4:60240-65240
68,mobileOG_000288484|rarA|WP_023296220.1|replication/recombination/repair|NA|Plasmid RefSeq|Homology,5.1::M282.fa4:33970-38970_1 # 3 # 851 # -1 # ID=518_1;partial=10;start_type=GTG;rbs_motif=GGAG/GAGG;rbs_spacer=5-10bp;gc_cont=0.541,96.5,535,447,2.37e-191,283,1,283,1,283,mobileOG_000288484,rarA,WP_023296220.1,replication/recombination/repair,NA,Plasmid RefSeq,Homology,5.1::M282.fa4:33970-38970_1, 3 # 851 # -1 , 3,851,-1 ,518_1,518,1,10,GTG,GGAG/GAGG,5-10bp,0.541,5.1::M282.fa4:33970-38970,mobileOG_000288484_5.1::M282.fa4:33970-38970
69,mobileOG_000597420|NA:Keyword|A0A154XTD6|transfer|NA|GPD|Keyword Search,5.1::M282.fa4:33970-38970_3 # 1585 # 4998 # -1 # ID=518_3;partial=01;start_type=Edge;rbs_motif=None;rbs_spacer=None;gc_cont=0.573,76.0,1394,1227,0.0,1138,203,1227,1,1137,mobileOG_000597420,NA:Keyword,A0A154XTD6,transfer,NA,GPD,Keyword Search,5.1::M282.fa4:33970-38970_3, 1585 # 4998 # -1 , 1585,4998,-1 ,518_3,518,3,01,Edge,None,None,0.573,5.1::M282.fa4:33970-38970,mobileOG_000597420_5.1::M282.fa4:33970-38970
70,mobileOG_000009079|ruvB|A0A081PMF9|replication/recombination/repair|NA|GPD|Manual,59.1::M283.fa58:7174-10846_2 # 780 # 1778 # 1 # ID=520_2;partial=00;start_type=ATG;rbs_motif=None;rbs_spacer=None;gc_cont=0.449,89.2,581,332,2.09e-210,333,1,332,1,332,mobileOG_000009079,ruvB,A0A081PMF9,replication/recombination/repair,NA,GPD,Manual,59.1::M283.fa58:7174-10846_2, 780 # 1778 # 1 , 780,1778,1 ,520_2,520,2,00,ATG,None,None,0.449,59.1::M283.fa58:7174-10846,mobileOG_000009079_59.1::M283.fa58:7174-10846
71,mobileOG_000313548|dnaB|WP_023470404.1|replication/recombination/repair|NA|Plasmid RefSeq|Homology,17.1::M296.fa16:21509-26509_1 # 3 # 878 # -1 # ID=533_1;partial=10;start_type=TTG;rbs_motif=None;rbs_spacer=None;gc_cont=0.530,76.8,452,463,1.98e-158,292,5,289,8,292,mobileOG_000313548,dnaB,WP_023470404.1,replication/recombination/repair,NA,Plasmid RefSeq,Homology,17.1::M296.fa16:21509-26509_1, 3 # 878 # -1 , 3,878,-1 ,533_1,533,1,10,TTG,None,None,0.530,17.1::M296.fa16:21509-26509,mobileOG_000313548_17.1::M296.fa16:21509-26509
72,"mobileOG_000278021|pilA|WP_163167920.1|transfer|conjugation,competence|Plasmid RefSeq|Homology",1.1::M297.fa0:214833-219833_2 # 771 # 953 # 1 # ID=534_2;partial=00;start_type=ATG;rbs_motif=GGAG/GAGG;rbs_spacer=5-10bp;gc_cont=0.443,71.8,51.6,170,1.10e-08,61,4,42,6,44,mobileOG_000278021,pilA,WP_163167920.1,transfer,"conjugation,competence",Plasmid RefSeq,Homology,1.1::M297.fa0:214833-219833_2, 771 # 953 # 1 , 771,953,1 ,534_2,534,2,00,ATG,GGAG/GAGG,5-10bp,0.443,1.1::M297.fa0:214833-219833,mobileOG_000278021_1.1::M297.fa0:214833-219833
73,mobileOG_000205804|rarA|I0Q852|replication/recombination/repair|NA|GPD|Homology,25.1::M311.fa24:13234-18234_1 # 281 # 1549 # -1 # ID=552_1;partial=00;start_type=ATG;rbs_motif=AGGAG;rbs_spacer=5-10bp;gc_cont=0.412,84.5,696,429,5.48e-253,423,7,426,1,420,mobileOG_000205804,rarA,I0Q852,replication/recombination/repair,NA,GPD,Homology,25.1::M311.fa24:13234-18234_1, 281 # 1549 # -1 , 281,1549,-1 ,552_1,552,1,00,ATG,AGGAG,5-10bp,0.412,25.1::M311.fa24:13234-18234,mobileOG_000205804_25.1::M311.fa24:13234-18234
74,"mobileOG_000751093|NA:Keyword|WP_013428999.1|replication/recombination/repair|initiation,copy number control,plasmid|Multiple|Keyword Search",12.1::M312.fa11:10430-15430_3 # 1816 # 3183 # -1 # ID=554_3;partial=00;start_type=ATG;rbs_motif=None;rbs_spacer=None;gc_cont=0.650,86.3,750,448,1.96e-273,456,1,446,1,454,mobileOG_000751093,NA:Keyword,WP_013428999.1,replication/recombination/repair,"initiation,copy number control,plasmid",Multiple,Keyword Search,12.1::M312.fa11:10430-15430_3, 1816 # 3183 # -1 , 1816,3183,-1 ,554_3,554,3,00,ATG,None,None,0.650,12.1::M312.fa11:10430-15430,mobileOG_000751093_12.1::M312.fa11:10430-15430
75,mobileOG_000015138|dnaG|A0A0P0QJ09|replication/recombination/repair|NA|GPD|Manual,1.1::M315.fa0:51578-56578_1 # 155 # 1909 # 1 # ID=559_1;partial=00;start_type=ATG;rbs_motif=GGA/GAG/AGG;rbs_spacer=5-10bp;gc_cont=0.521,81.0,942,582,0.0,585,1,582,1,584,mobileOG_000015138,dnaG,A0A0P0QJ09,replication/recombination/repair,NA,GPD,Manual,1.1::M315.fa0:51578-56578_1, 155 # 1909 # 1 , 155,1909,1 ,559_1,559,1,00,ATG,GGA/GAG/AGG,5-10bp,0.521,1.1::M315.fa0:51578-56578,mobileOG_000015138_1.1::M315.fa0:51578-56578
76,mobileOG_000015137|mug|A0A221DV72|replication/recombination/repair|NA|GPD|Manual,1.1::M315.fa0:51578-56578_3 # 3997 # 4500 # -1 # ID=559_3;partial=00;start_type=ATG;rbs_motif=AGxAGG/AGGxGG;rbs_spacer=5-10bp;gc_cont=0.563,70.8,235,162,4.30e-79,168,2,162,4,164,mobileOG_000015137,mug,A0A221DV72,replication/recombination/repair,NA,GPD,Manual,1.1::M315.fa0:51578-56578_3, 3997 # 4500 # -1 , 3997,4500,-1 ,559_3,559,3,00,ATG,AGxAGG/AGGxGG,5-10bp,0.563,1.1::M315.fa0:51578-56578,mobileOG_000015137_1.1::M315.fa0:51578-56578
77,mobileOG_000029339|yokF|A0A164XGD3|transfer|competence|pVOG|Manual,2.1::M344.fa1:88640-93640_1 # 280 # 1176 # 1 # ID=587_1;partial=00;start_type=ATG;rbs_motif=None;rbs_spacer=None;gc_cont=0.389,100,498,298,6.18e-179,299,1,298,1,298,mobileOG_000029339,yokF,A0A164XGD3,transfer,competence,pVOG,Manual,2.1::M344.fa1:88640-93640_1, 280 # 1176 # 1 , 280,1176,1 ,587_1,587,1,00,ATG,None,None,0.389,2.1::M344.fa1:88640-93640,mobileOG_000029339_2.1::M344.fa1:88640-93640
78,mobileOG_000029339|yokF|A0A164XGD3|transfer|competence|pVOG|Manual,2.1::M344.fa1:88640-93640_1 # 280 # 1176 # 1 # ID=589_1;partial=00;start_type=ATG;rbs_motif=None;rbs_spacer=None;gc_cont=0.389,100,498,298,6.18e-179,299,1,298,1,298,mobileOG_000029339,yokF,A0A164XGD3,transfer,competence,pVOG,Manual,2.1::M344.fa1:88640-93640_1, 280 # 1176 # 1 , 280,1176,1 ,589_1,589,1,00,ATG,None,None,0.389,2.1::M344.fa1:88640-93640,mobileOG_000029339_2.1::M344.fa1:88640-93640
79,mobileOG_000029339|yokF|A0A164XGD3|transfer|competence|pVOG|Manual,2.1::M344.fa1:88640-93640_1 # 280 # 1176 # 1 # ID=590_1;partial=00;start_type=ATG;rbs_motif=None;rbs_spacer=None;gc_cont=0.389,100,498,298,6.18e-179,299,1,298,1,298,mobileOG_000029339,yokF,A0A164XGD3,transfer,competence,pVOG,Manual,2.1::M344.fa1:88640-93640_1, 280 # 1176 # 1 , 280,1176,1 ,590_1,590,1,00,ATG,None,None,0.389,2.1::M344.fa1:88640-93640,mobileOG_000029339_2.1::M344.fa1:88640-93640
80,mobileOG_000029339|yokF|A0A164XGD3|transfer|competence|pVOG|Manual,2.1::M344.fa1:88640-93640_1 # 280 # 1176 # 1 # ID=591_1;partial=00;start_type=ATG;rbs_motif=None;rbs_spacer=None;gc_cont=0.389,100,498,298,6.18e-179,299,1,298,1,298,mobileOG_000029339,yokF,A0A164XGD3,transfer,competence,pVOG,Manual,2.1::M344.fa1:88640-93640_1, 280 # 1176 # 1 , 280,1176,1 ,591_1,591,1,00,ATG,None,None,0.389,2.1::M344.fa1:88640-93640,mobileOG_000029339_2.1::M344.fa1:88640-93640
81,mobileOG_000375139|nfuA|A0A077UMM1|phage|lysis/lysogeny|Plasmid RefSeq|Homology,3.1::M344.fa2:128980-133980_5 # 2830 # 3066 # 1 # ID=592_5;partial=00;start_type=ATG;rbs_motif=AGGAG;rbs_spacer=5-10bp;gc_cont=0.468,79.5,122,80,5.76e-37,79,8,80,6,78,mobileOG_000375139,nfuA,A0A077UMM1,phage,lysis/lysogeny,Plasmid RefSeq,Homology,3.1::M344.fa2:128980-133980_5, 2830 # 3066 # 1 , 2830,3066,1 ,592_5,592,5,00,ATG,AGGAG,5-10bp,0.468,3.1::M344.fa2:128980-133980,mobileOG_000375139_3.1::M344.fa2:128980-133980
82,mobileOG_000286555|tnpA|A0A4Q7ANL9|integration/excision|NA|Plasmid RefSeq|Homology,23.1::M353.fa22:32411-37411_5 # 1638 # 2570 # 1 # ID=604_5;partial=00;start_type=ATG;rbs_motif=None;rbs_spacer=None;gc_cont=0.386,89.3,570,310,5.00e-207,311,1,309,1,309,mobileOG_000286555,tnpA,A0A4Q7ANL9,integration/excision,NA,Plasmid RefSeq,Homology,23.1::M353.fa22:32411-37411_5, 1638 # 2570 # 1 , 1638,2570,1 ,604_5,604,5,00,ATG,None,None,0.386,23.1::M353.fa22:32411-37411,mobileOG_000286555_23.1::M353.fa22:32411-37411
83,mobileOG_000616122|NA:Keyword|A0A4R5NPX1|phage|NA|GPD|Keyword Search,2.1::M359.fa1:13807-18807_1 # 1 # 4383 # 1 # ID=607_1;partial=10;start_type=Edge;rbs_motif=None;rbs_spacer=None;gc_cont=0.451,94.0,2267,1663,0.0,1461,228,1663,1,1460,mobileOG_000616122,NA:Keyword,A0A4R5NPX1,phage,NA,GPD,Keyword Search,2.1::M359.fa1:13807-18807_1, 1 # 4383 # 1 , 1,4383,1 ,607_1,607,1,10,Edge,None,None,0.451,2.1::M359.fa1:13807-18807,mobileOG_000616122_2.1::M359.fa1:13807-18807
84,mobileOG_000770215|NA:Keyword|A0A5D0JL94|phage|NA|pVOG|Keyword Search,35.1::M359.fa34:8253-9006_1 # 1 # 753 # 1 # ID=608_1;partial=11;start_type=Edge;rbs_motif=None;rbs_spacer=None;gc_cont=0.466,99.2,447,538,4.36e-156,251,18,268,1,251,mobileOG_000770215,NA:Keyword,A0A5D0JL94,phage,NA,pVOG,Keyword Search,35.1::M359.fa34:8253-9006_1, 1 # 753 # 1 , 1,753,1 ,608_1,608,1,11,Edge,None,None,0.466,35.1::M359.fa34:8253-9006,mobileOG_000770215_35.1::M359.fa34:8253-9006
85,mobileOG_000392191|xth|A0A0Z9D9V0|replication/recombination/repair|NA|pVOG|Homology,10.1::M378.fa9:15145-20145_4 # 2746 # 3579 # -1 # ID=634_4;partial=00;start_type=ATG;rbs_motif=None;rbs_spacer=None;gc_cont=0.460,78.0,443,275,1.00e-157,278,1,273,3,275,mobileOG_000392191,xth,A0A0Z9D9V0,replication/recombination/repair,NA,pVOG,Homology,10.1::M378.fa9:15145-20145_4, 2746 # 3579 # -1 , 2746,3579,-1 ,634_4,634,4,00,ATG,None,None,0.460,10.1::M378.fa9:15145-20145,mobileOG_000392191_10.1::M378.fa9:15145-20145
86,mobileOG_000334176|radA|WP_011001321.1|replication/recombination/repair|competence|Plasmid RefSeq|Homology,87.1::M425.fa86:525341-530341_1 # 3 # 1391 # 1 # ID=667_1;partial=10;start_type=Edge;rbs_motif=None;rbs_spacer=None;gc_cont=0.706,73.8,670,456,1.59e-241,463,1,452,9,462,mobileOG_000334176,radA,WP_011001321.1,replication/recombination/repair,competence,Plasmid RefSeq,Homology,87.1::M425.fa86:525341-530341_1, 3 # 1391 # 1 , 3,1391,1 ,667_1,667,1,10,Edge,None,None,0.706,87.1::M425.fa86:525341-530341,mobileOG_000334176_87.1::M425.fa86:525341-530341
87,mobileOG_000329028|dnaX|WP_043897692.1|replication/recombination/repair|NA|Plasmid RefSeq|Homology,88.1::M425.fa87:109649-114649_2 # 3989 # 4999 # 1 # ID=668_2;partial=01;start_type=ATG;rbs_motif=None;rbs_spacer=None;gc_cont=0.681,71.3,465,728,7.39e-159,337,1,342,1,337,mobileOG_000329028,dnaX,WP_043897692.1,replication/recombination/repair,NA,Plasmid RefSeq,Homology,88.1::M425.fa87:109649-114649_2, 3989 # 4999 # 1 , 3989,4999,1 ,668_2,668,2,01,ATG,None,None,0.681,88.1::M425.fa87:109649-114649,mobileOG_000329028_88.1::M425.fa87:109649-114649
88,mobileOG_000243133|I|A0A3A9INN5|phage|structural|GPD|Homology,10.1::M42.fa9:26389-31389_1 # 3 # 218 # -1 # ID=675_1;partial=10;start_type=ATG;rbs_motif=GGAGG;rbs_spacer=5-10bp;gc_cont=0.681,79.2,124,202,2.52e-36,72,1,72,1,72,mobileOG_000243133,I,A0A3A9INN5,phage,structural,GPD,Homology,10.1::M42.fa9:26389-31389_1, 3 # 218 # -1 , 3,218,-1 ,675_1,675,1,10,ATG,GGAGG,5-10bp,0.681,10.1::M42.fa9:26389-31389,mobileOG_000243133_10.1::M42.fa9:26389-31389
89,mobileOG_000190216|J|A0A2P5IS61|phage|structural|GPD|Homology,10.1::M42.fa9:26389-31389_2 # 211 # 1119 # -1 # ID=675_2;partial=00;start_type=ATG;rbs_motif=GGA/GAG/AGG;rbs_spacer=5-10bp;gc_cont=0.628,79.8,460,302,1.41e-163,303,1,302,1,302,mobileOG_000190216,J,A0A2P5IS61,phage,structural,GPD,Homology,10.1::M42.fa9:26389-31389_2, 211 # 1119 # -1 , 211,1119,-1 ,675_2,675,2,00,ATG,GGA/GAG/AGG,5-10bp,0.628,10.1::M42.fa9:26389-31389,mobileOG_000190216_10.1::M42.fa9:26389-31389
90,mobileOG_000190220|rrrD|A0A2P5IS81|phage|lysis|GPD|Homology,10.1::M42.fa9:26389-31389_7 # 3058 # 3567 # -1 # ID=675_7;partial=00;start_type=ATG;rbs_motif=GGAG/GAGG;rbs_spacer=5-10bp;gc_cont=0.635,71.3,231,160,1.45e-77,170,3,159,12,168,mobileOG_000190220,rrrD,A0A2P5IS81,phage,lysis,GPD,Homology,10.1::M42.fa9:26389-31389_7, 3058 # 3567 # -1 , 3058,3567,-1 ,675_7,675,7,00,ATG,GGAG/GAGG,5-10bp,0.635,10.1::M42.fa9:26389-31389,mobileOG_000190220_10.1::M42.fa9:26389-31389
91,mobileOG_000243933|tum|F1BUR9|stability/transfer/defense|NA|GPD|Homology,10.1::M42.fa9:26389-31389_10 # 4338 # 4529 # -1 # ID=675_10;partial=00;start_type=GTG;rbs_motif=GGAGG;rbs_spacer=5-10bp;gc_cont=0.495,73.7,80.5,65,6.13e-21,64,1,57,1,57,mobileOG_000243933,tum,F1BUR9,stability/transfer/defense,NA,GPD,Homology,10.1::M42.fa9:26389-31389_10, 4338 # 4529 # -1 , 4338,4529,-1 ,675_10,675,10,00,GTG,GGAGG,5-10bp,0.495,10.1::M42.fa9:26389-31389,mobileOG_000243933_10.1::M42.fa9:26389-31389
92,"mobileOG_000352235|copR|WP_025767090.1|transfer|conjugation,relaxosome|Plasmid RefSeq|Homology",17.1::M434.fa16:19942-24942_3 # 819 # 1511 # 1 # ID=676_3;partial=00;start_type=TTG;rbs_motif=GGA/GAG/AGG;rbs_spacer=5-10bp;gc_cont=0.482,94.3,430,230,3.21e-154,231,1,230,1,230,mobileOG_000352235,copR,WP_025767090.1,transfer,"conjugation,relaxosome",Plasmid RefSeq,Homology,17.1::M434.fa16:19942-24942_3, 819 # 1511 # 1 , 819,1511,1 ,676_3,676,3,00,TTG,GGA/GAG/AGG,5-10bp,0.482,17.1::M434.fa16:19942-24942,mobileOG_000352235_17.1::M434.fa16:19942-24942
93,mobileOG_000456448|NA:Keyword|D2EL81|phage|NA|GPD|Keyword Search,11.1::M435.fa10:26925-31925_1 # 1 # 654 # -1 # ID=681_1;partial=10;start_type=GTG;rbs_motif=AGGAGG;rbs_spacer=5-10bp;gc_cont=0.446,94.5,424,589,1.42e-146,218,1,218,1,218,mobileOG_000456448,NA:Keyword,D2EL81,phage,NA,GPD,Keyword Search,11.1::M435.fa10:26925-31925_1, 1 # 654 # -1 , 1,654,-1 ,681_1,681,1,10,GTG,AGGAGG,5-10bp,0.446,11.1::M435.fa10:26925-31925,mobileOG_000456448_11.1::M435.fa10:26925-31925
94,"mobileOG_000751093|NA:Keyword|WP_013428999.1|replication/recombination/repair|initiation,copy number control,plasmid|Multiple|Keyword Search",31.1::M454.fa30:220154-225154_3 # 1799 # 3166 # -1 # ID=690_3;partial=00;start_type=ATG;rbs_motif=None;rbs_spacer=None;gc_cont=0.650,86.3,750,448,1.96e-273,456,1,446,1,454,mobileOG_000751093,NA:Keyword,WP_013428999.1,replication/recombination/repair,"initiation,copy number control,plasmid",Multiple,Keyword Search,31.1::M454.fa30:220154-225154_3, 1799 # 3166 # -1 , 1799,3166,-1 ,690_3,690,3,00,ATG,None,None,0.650,31.1::M454.fa30:220154-225154,mobileOG_000751093_31.1::M454.fa30:220154-225154
95,mobileOG_000288866|oppF|WP_074531351.1|transfer|competence|Plasmid RefSeq|Homology,11.2::M457.fa10:367503-372503_1 # 3 # 644 # 1 # ID=700_1;partial=10;start_type=Edge;rbs_motif=None;rbs_spacer=None;gc_cont=0.530,93.9,397,333,5.55e-140,214,121,332,1,212,mobileOG_000288866,oppF,WP_074531351.1,transfer,competence,Plasmid RefSeq,Homology,11.2::M457.fa10:367503-372503_1, 3 # 644 # 1 , 3,644,1 ,700_1,700,1,10,Edge,None,None,0.530,11.2::M457.fa10:367503-372503,mobileOG_000288866_11.2::M457.fa10:367503-372503
96,mobileOG_000407576|NA:Keyword|A0A0H3G436|integration/excision|NA|COMPASS|Keyword Search,2.1::M46.fa1:29421-34421_2 # 1806 # 2027 # 1 # ID=706_2;partial=00;start_type=GTG;rbs_motif=GGAGG;rbs_spacer=5-10bp;gc_cont=0.527,82.2,126,122,2.40e-38,74,1,73,1,73,mobileOG_000407576,NA:Keyword,A0A0H3G436,integration/excision,NA,COMPASS,Keyword Search,2.1::M46.fa1:29421-34421_2, 1806 # 2027 # 1 , 1806,2027,1 ,706_2,706,2,00,GTG,GGAGG,5-10bp,0.527,2.1::M46.fa1:29421-34421,mobileOG_000407576_2.1::M46.fa1:29421-34421
97,mobileOG_000407576|NA:Keyword|A0A0H3G436|integration/excision|NA|COMPASS|Keyword Search,2.1::M46.fa1:29421-34421_2 # 1806 # 2027 # 1 # ID=707_2;partial=00;start_type=GTG;rbs_motif=GGAGG;rbs_spacer=5-10bp;gc_cont=0.527,82.2,126,122,2.40e-38,74,1,73,1,73,mobileOG_000407576,NA:Keyword,A0A0H3G436,integration/excision,NA,COMPASS,Keyword Search,2.1::M46.fa1:29421-34421_2, 1806 # 2027 # 1 , 1806,2027,1 ,707_2,707,2,00,GTG,GGAGG,5-10bp,0.527,2.1::M46.fa1:29421-34421,mobileOG_000407576_2.1::M46.fa1:29421-34421
98,mobileOG_000407576|NA:Keyword|A0A0H3G436|integration/excision|NA|COMPASS|Keyword Search,2.1::M46.fa1:29421-34421_2 # 1806 # 2027 # 1 # ID=708_2;partial=00;start_type=GTG;rbs_motif=GGAGG;rbs_spacer=5-10bp;gc_cont=0.527,82.2,126,122,2.40e-38,74,1,73,1,73,mobileOG_000407576,NA:Keyword,A0A0H3G436,integration/excision,NA,COMPASS,Keyword Search,2.1::M46.fa1:29421-34421_2, 1806 # 2027 # 1 , 1806,2027,1 ,708_2,708,2,00,GTG,GGAGG,5-10bp,0.527,2.1::M46.fa1:29421-34421,mobileOG_000407576_2.1::M46.fa1:29421-34421
99,mobileOG_000407576|NA:Keyword|A0A0H3G436|integration/excision|NA|COMPASS|Keyword Search,2.1::M46.fa1:29421-34421_2 # 1806 # 2027 # 1 # ID=709_2;partial=00;start_type=GTG;rbs_motif=GGAGG;rbs_spacer=5-10bp;gc_cont=0.527,82.2,126,122,2.40e-38,74,1,73,1,73,mobileOG_000407576,NA:Keyword,A0A0H3G436,integration/excision,NA,COMPASS,Keyword Search,2.1::M46.fa1:29421-34421_2, 1806 # 2027 # 1 , 1806,2027,1 ,709_2,709,2,00,GTG,GGAGG,5-10bp,0.527,2.1::M46.fa1:29421-34421,mobileOG_000407576_2.1::M46.fa1:29421-34421
100,mobileOG_000266642|clpP|A0A524B482|phage|replication/recombination/repair|GPD|Homology,51.1::M472.fa50:12621-17621_3 # 3636 # 4262 # -1 # ID=711_3;partial=00;start_type=ATG;rbs_motif=AGGAG;rbs_spacer=5-10bp;gc_cont=0.478,75.9,309,210,4.56e-107,209,10,206,5,203,mobileOG_000266642,clpP,A0A524B482,phage,replication/recombination/repair,GPD,Homology,51.1::M472.fa50:12621-17621_3, 3636 # 4262 # -1 , 3636,4262,-1 ,711_3,711,3,00,ATG,AGGAG,5-10bp,0.478,51.1::M472.fa50:12621-17621,mobileOG_000266642_51.1::M472.fa50:12621-17621
101,mobileOG_000042810|insB|A0A377NK93|integration/excision|NA|COMPASS|Homology,320.1::M504.fa319:11404-13867_3 # 2388 # 2462 # -1 # ID=747_3;partial=01;start_type=Edge;rbs_motif=None;rbs_spacer=None;gc_cont=0.507,100,43.9,70,3.79e-07,25,48,70,2,24,mobileOG_000042810,insB,A0A377NK93,integration/excision,NA,COMPASS,Homology,320.1::M504.fa319:11404-13867_3, 2388 # 2462 # -1 , 2388,2462,-1 ,747_3,747,3,01,Edge,None,None,0.507,320.1::M504.fa319:11404-13867,mobileOG_000042810_320.1::M504.fa319:11404-13867
102,mobileOG_000205804|rarA|I0Q852|replication/recombination/repair|NA|GPD|Homology,79.1::M511.fa78:8961-13961_2 # 580 # 1839 # -1 # ID=752_2;partial=00;start_type=ATG;rbs_motif=GGAG/GAGG;rbs_spacer=5-10bp;gc_cont=0.386,70.8,578,429,3.61e-206,420,7,424,1,413,mobileOG_000205804,rarA,I0Q852,replication/recombination/repair,NA,GPD,Homology,79.1::M511.fa78:8961-13961_2, 580 # 1839 # -1 , 580,1839,-1 ,752_2,752,2,00,ATG,GGAG/GAGG,5-10bp,0.386,79.1::M511.fa78:8961-13961,mobileOG_000205804_79.1::M511.fa78:8961-13961
103,mobileOG_000346156|phd|WP_110867236.1|stability/transfer/defense|NA|Plasmid RefSeq|Homology,20.1::M521.fa19:34992-39992_6 # 3368 # 3589 # -1 # ID=761_6;partial=00;start_type=ATG;rbs_motif=GGAGG;rbs_spacer=3-4bp;gc_cont=0.464,100,138,73,1.49e-43,74,1,73,1,73,mobileOG_000346156,phd,WP_110867236.1,stability/transfer/defense,NA,Plasmid RefSeq,Homology,20.1::M521.fa19:34992-39992_6, 3368 # 3589 # -1 , 3368,3589,-1 ,761_6,761,6,00,ATG,GGAGG,3-4bp,0.464,20.1::M521.fa19:34992-39992,mobileOG_000346156_20.1::M521.fa19:34992-39992
104,mobileOG_000334791|ftsZ|WP_002286629.1|replication/recombination/repair|NA|Plasmid RefSeq|Homology,10.1::M529.fa9:37431-42431_3 # 2470 # 3711 # 1 # ID=767_3;partial=00;start_type=ATG;rbs_motif=AATAA;rbs_spacer=3bp;gc_cont=0.416,99.3,773,413,7.18e-284,414,1,413,1,413,mobileOG_000334791,ftsZ,WP_002286629.1,replication/recombination/repair,NA,Plasmid RefSeq,Homology,10.1::M529.fa9:37431-42431_3, 2470 # 3711 # 1 , 2470,3711,1 ,767_3,767,3,00,ATG,AATAA,3bp,0.416,10.1::M529.fa9:37431-42431,mobileOG_000334791_10.1::M529.fa9:37431-42431
105,mobileOG_000325683|xerD|WP_002294386.1|integration/excision|replication/recombination/repair|Plasmid RefSeq|Homology,19.1::M529.fa18:22249-27249_6 # 4733 # 4999 # 1 # ID=768_6;partial=01;start_type=ATG;rbs_motif=None;rbs_spacer=None;gc_cont=0.393,96.4,164,295,1.24e-50,89,1,84,6,89,mobileOG_000325683,xerD,WP_002294386.1,integration/excision,replication/recombination/repair,Plasmid RefSeq,Homology,19.1::M529.fa18:22249-27249_6, 4733 # 4999 # 1 , 4733,4999,1 ,768_6,768,6,01,ATG,None,None,0.393,19.1::M529.fa18:22249-27249,mobileOG_000325683_19.1::M529.fa18:22249-27249
106,mobileOG_000262674|polC|E7FPC9|replication/recombination/repair|NA|GPD|Homology,22.1::M533.fa21:29988-34988_1 # 3 # 2747 # 1 # ID=772_1;partial=10;start_type=Edge;rbs_motif=None;rbs_spacer=None;gc_cont=0.546,73.2,1386,1448,0.0,915,535,1447,1,912,mobileOG_000262674,polC,E7FPC9,replication/recombination/repair,NA,GPD,Homology,22.1::M533.fa21:29988-34988_1, 3 # 2747 # 1 , 3,2747,1 ,772_1,772,1,10,Edge,None,None,0.546,22.1::M533.fa21:29988-34988,mobileOG_000262674_22.1::M533.fa21:29988-34988
107,"mobileOG_000330220|nusA|WP_002288500.1|phage|regulation,infection|Plasmid RefSeq|Homology",22.1::M533.fa21:29988-34988_3 # 3750 # 4985 # 1 # ID=772_3;partial=00;start_type=ATG;rbs_motif=AGGAG/GGAGG;rbs_spacer=11-12bp;gc_cont=0.528,74.5,518,391,1.75e-183,412,1,353,1,353,mobileOG_000330220,nusA,WP_002288500.1,phage,"regulation,infection",Plasmid RefSeq,Homology,22.1::M533.fa21:29988-34988_3, 3750 # 4985 # 1 , 3750,4985,1 ,772_3,772,3,00,ATG,AGGAG/GGAGG,11-12bp,0.528,22.1::M533.fa21:29988-34988,mobileOG_000330220_22.1::M533.fa21:29988-34988
108,mobileOG_000616121|NA:Keyword|A0A1X1FCL3|phage|NA|GPD|Keyword Search,12.1::M534.fa11:22340-25031_1 # 1 # 1185 # -1 # ID=773_1;partial=10;start_type=ATG;rbs_motif=GGA/GAG/AGG;rbs_spacer=5-10bp;gc_cont=0.470,99.2,803,479,1.05e-294,395,1,395,1,395,mobileOG_000616121,NA:Keyword,A0A1X1FCL3,phage,NA,GPD,Keyword Search,12.1::M534.fa11:22340-25031_1, 1 # 1185 # -1 , 1,1185,-1 ,773_1,773,1,10,ATG,GGA/GAG/AGG,5-10bp,0.470,12.1::M534.fa11:22340-25031,mobileOG_000616121_12.1::M534.fa11:22340-25031
109,mobileOG_000616121|NA:Keyword|A0A1X1FCL3|phage|NA|GPD|Keyword Search,12.1::M534.fa11:22340-25031_1 # 1 # 1185 # -1 # ID=774_1;partial=10;start_type=ATG;rbs_motif=GGA/GAG/AGG;rbs_spacer=5-10bp;gc_cont=0.470,99.2,803,479,1.05e-294,395,1,395,1,395,mobileOG_000616121,NA:Keyword,A0A1X1FCL3,phage,NA,GPD,Keyword Search,12.1::M534.fa11:22340-25031_1, 1 # 1185 # -1 , 1,1185,-1 ,774_1,774,1,10,ATG,GGA/GAG/AGG,5-10bp,0.470,12.1::M534.fa11:22340-25031,mobileOG_000616121_12.1::M534.fa11:22340-25031
110,"mobileOG_000330220|nusA|WP_002288500.1|phage|regulation,infection|Plasmid RefSeq|Homology",113.1::M534.fa112:144255-149255_1 # 2 # 382 # 1 # ID=776_1;partial=10;start_type=Edge;rbs_motif=None;rbs_spacer=None;gc_cont=0.428,72.8,134,391,1.01e-37,127,265,356,1,92,mobileOG_000330220,nusA,WP_002288500.1,phage,"regulation,infection",Plasmid RefSeq,Homology,113.1::M534.fa112:144255-149255_1, 2 # 382 # 1 , 2,382,1 ,776_1,776,1,10,Edge,None,None,0.428,113.1::M534.fa112:144255-149255,mobileOG_000330220_113.1::M534.fa112:144255-149255
111,mobileOG_000331887|nth|WP_013213045.1|replication/recombination/repair|NA|Plasmid RefSeq|Homology,88.1::M544.fa87:8133-13133_4 # 3566 # 4255 # -1 # ID=805_4;partial=00;start_type=ATG;rbs_motif=AGGAG;rbs_spacer=5-10bp;gc_cont=0.661,75.9,318,214,2.65e-110,230,9,211,26,228,mobileOG_000331887,nth,WP_013213045.1,replication/recombination/repair,NA,Plasmid RefSeq,Homology,88.1::M544.fa87:8133-13133_4, 3566 # 4255 # -1 , 3566,4255,-1 ,805_4,805,4,00,ATG,AGGAG,5-10bp,0.661,88.1::M544.fa87:8133-13133,mobileOG_000331887_88.1::M544.fa87:8133-13133
112,mobileOG_000288475|ompA|WP_017694761.1|transfer|conjugation|Plasmid RefSeq|Homology,36.1::M566.fa35:126583-131583_1 # 2 # 892 # 1 # ID=822_1;partial=10;start_type=Edge;rbs_motif=None;rbs_spacer=None;gc_cont=0.554,90.2,541,350,3.30e-195,297,55,350,1,296,mobileOG_000288475,ompA,WP_017694761.1,transfer,conjugation,Plasmid RefSeq,Homology,36.1::M566.fa35:126583-131583_1, 2 # 892 # 1 , 2,892,1 ,822_1,822,1,10,Edge,None,None,0.554,36.1::M566.fa35:126583-131583,mobileOG_000288475_36.1::M566.fa35:126583-131583
113,mobileOG_000738240|NA:Keyword|WP_004564409.1|integration/excision|NA|Multiple|Keyword Search,2.1::M574.fa1:48352-49177_2 # 472 # 825 # 1 # ID=839_2;partial=01;start_type=ATG;rbs_motif=None;rbs_spacer=None;gc_cont=0.297,80.6,155,405,7.19e-46,118,1,98,20,117,mobileOG_000738240,NA:Keyword,WP_004564409.1,integration/excision,NA,Multiple,Keyword Search,2.1::M574.fa1:48352-49177_2, 472 # 825 # 1 , 472,825,1 ,839_2,839,2,01,ATG,None,None,0.297,2.1::M574.fa1:48352-49177,mobileOG_000738240_2.1::M574.fa1:48352-49177
114,mobileOG_000288484|rarA|WP_023296220.1|replication/recombination/repair|NA|Plasmid RefSeq|Homology,2.1::M616.fa1:121456-126456_2 # 1003 # 2346 # -1 # ID=927_2;partial=00;start_type=GTG;rbs_motif=GGAG/GAGG;rbs_spacer=5-10bp;gc_cont=0.536,96.4,855,447,3.53e-315,448,1,447,1,447,mobileOG_000288484,rarA,WP_023296220.1,replication/recombination/repair,NA,Plasmid RefSeq,Homology,2.1::M616.fa1:121456-126456_2, 1003 # 2346 # -1 , 1003,2346,-1 ,927_2,927,2,00,GTG,GGAG/GAGG,5-10bp,0.536,2.1::M616.fa1:121456-126456,mobileOG_000288484_2.1::M616.fa1:121456-126456
115,mobileOG_000756700|NA:Keyword|WP_040168593.1|transfer|NA|Plasmid RefSeq|Keyword Search,2.1::M616.fa1:121456-126456_4 # 3123 # 5000 # -1 # ID=927_4;partial=01;start_type=Edge;rbs_motif=None;rbs_spacer=None;gc_cont=0.537,87.3,994,1424,0.0,626,812,1424,1,625,mobileOG_000756700,NA:Keyword,WP_040168593.1,transfer,NA,Plasmid RefSeq,Keyword Search,2.1::M616.fa1:121456-126456_4, 3123 # 5000 # -1 , 3123,5000,-1 ,927_4,927,4,01,Edge,None,None,0.537,2.1::M616.fa1:121456-126456,mobileOG_000756700_2.1::M616.fa1:121456-126456
116,mobileOG_000410366|NA:Keyword|A0A212ISK5|integration/excision|NA|COMPASS|Keyword Search,1.1::M618.fa0:309145-314145_6 # 4616 # 4999 # -1 # ID=931_6;partial=01;start_type=Edge;rbs_motif=None;rbs_spacer=None;gc_cont=0.578,76.3,201,406,3.98e-63,128,270,399,1,125,mobileOG_000410366,NA:Keyword,A0A212ISK5,integration/excision,NA,COMPASS,Keyword Search,1.1::M618.fa0:309145-314145_6, 4616 # 4999 # -1 , 4616,4999,-1 ,931_6,931,6,01,Edge,None,None,0.578,1.1::M618.fa0:309145-314145,mobileOG_000410366_1.1::M618.fa0:309145-314145
117,mobileOG_000597420|NA:Keyword|A0A154XTD6|transfer|NA|GPD|Keyword Search,8.1::M618.fa7:21229-26229_1 # 2 # 3418 # -1 # ID=932_1;partial=10;start_type=TTG;rbs_motif=GGAG/GAGG;rbs_spacer=5-10bp;gc_cont=0.594,98.6,2023,1227,0.0,1139,1,1142,1,1139,mobileOG_000597420,NA:Keyword,A0A154XTD6,transfer,NA,GPD,Keyword Search,8.1::M618.fa7:21229-26229_1, 2 # 3418 # -1 , 2,3418,-1 ,932_1,932,1,10,TTG,GGAG/GAGG,5-10bp,0.594,8.1::M618.fa7:21229-26229,mobileOG_000597420_8.1::M618.fa7:21229-26229
118,mobileOG_000597420|NA:Keyword|A0A154XTD6|transfer|NA|GPD|Keyword Search,8.1::M618.fa7:21229-26229_1 # 2 # 3418 # -1 # ID=933_1;partial=10;start_type=TTG;rbs_motif=GGAG/GAGG;rbs_spacer=5-10bp;gc_cont=0.594,98.6,2023,1227,0.0,1139,1,1142,1,1139,mobileOG_000597420,NA:Keyword,A0A154XTD6,transfer,NA,GPD,Keyword Search,8.1::M618.fa7:21229-26229_1, 2 # 3418 # -1 , 2,3418,-1 ,933_1,933,1,10,TTG,GGAG/GAGG,5-10bp,0.594,8.1::M618.fa7:21229-26229,mobileOG_000597420_8.1::M618.fa7:21229-26229
119,mobileOG_000288484|rarA|WP_023296220.1|replication/recombination/repair|NA|Plasmid RefSeq|Homology,2.1::M653.fa1:109543-114543_2 # 1003 # 2346 # -1 # ID=969_2;partial=00;start_type=GTG;rbs_motif=GGAG/GAGG;rbs_spacer=5-10bp;gc_cont=0.536,96.4,855,447,3.53e-315,448,1,447,1,447,mobileOG_000288484,rarA,WP_023296220.1,replication/recombination/repair,NA,Plasmid RefSeq,Homology,2.1::M653.fa1:109543-114543_2, 1003 # 2346 # -1 , 1003,2346,-1 ,969_2,969,2,00,GTG,GGAG/GAGG,5-10bp,0.536,2.1::M653.fa1:109543-114543,mobileOG_000288484_2.1::M653.fa1:109543-114543
120,mobileOG_000756700|NA:Keyword|WP_040168593.1|transfer|NA|Plasmid RefSeq|Keyword Search,2.1::M653.fa1:109543-114543_4 # 3127 # 4998 # -1 # ID=969_4;partial=01;start_type=Edge;rbs_motif=None;rbs_spacer=None;gc_cont=0.536,87.3,989,1424,0.0,624,814,1424,1,623,mobileOG_000756700,NA:Keyword,WP_040168593.1,transfer,NA,Plasmid RefSeq,Keyword Search,2.1::M653.fa1:109543-114543_4, 3127 # 4998 # -1 , 3127,4998,-1 ,969_4,969,4,01,Edge,None,None,0.536,2.1::M653.fa1:109543-114543,mobileOG_000756700_2.1::M653.fa1:109543-114543
121,mobileOG_000288484|rarA|WP_023296220.1|replication/recombination/repair|NA|Plasmid RefSeq|Homology,2.1::M653.fa1:109543-114543_2 # 1003 # 2346 # -1 # ID=970_2;partial=00;start_type=GTG;rbs_motif=GGAG/GAGG;rbs_spacer=5-10bp;gc_cont=0.536,96.4,855,447,3.53e-315,448,1,447,1,447,mobileOG_000288484,rarA,WP_023296220.1,replication/recombination/repair,NA,Plasmid RefSeq,Homology,2.1::M653.fa1:109543-114543_2, 1003 # 2346 # -1 , 1003,2346,-1 ,970_2,970,2,00,GTG,GGAG/GAGG,5-10bp,0.536,2.1::M653.fa1:109543-114543,mobileOG_000288484_2.1::M653.fa1:109543-114543
122,mobileOG_000756700|NA:Keyword|WP_040168593.1|transfer|NA|Plasmid RefSeq|Keyword Search,2.1::M653.fa1:109543-114543_4 # 3127 # 4998 # -1 # ID=970_4;partial=01;start_type=Edge;rbs_motif=None;rbs_spacer=None;gc_cont=0.536,87.3,989,1424,0.0,624,814,1424,1,623,mobileOG_000756700,NA:Keyword,WP_040168593.1,transfer,NA,Plasmid RefSeq,Keyword Search,2.1::M653.fa1:109543-114543_4, 3127 # 4998 # -1 , 3127,4998,-1 ,970_4,970,4,01,Edge,None,None,0.536,2.1::M653.fa1:109543-114543,mobileOG_000756700_2.1::M653.fa1:109543-114543
123,mobileOG_000350346|clpB|WP_041689161.1|phage|chaperone|Multiple|Homology,78.1::M658.fa77:95328-100328_1 # 1 # 1233 # 1 # ID=974_1;partial=10;start_type=Edge;rbs_motif=None;rbs_spacer=None;gc_cont=0.552,82.6,605,884,1.27e-210,411,497,882,6,391,mobileOG_000350346,clpB,WP_041689161.1,phage,chaperone,Multiple,Homology,78.1::M658.fa77:95328-100328_1, 1 # 1233 # 1 , 1,1233,1 ,974_1,974,1,10,Edge,None,None,0.552,78.1::M658.fa77:95328-100328,mobileOG_000350346_78.1::M658.fa77:95328-100328
124,mobileOG_000401907|NA:Keyword|WP_013603294.1|integration/excision|NA|Multiple|Keyword Search,454.1::M662.fa453:15413-20413_5 # 1590 # 2153 # -1 # ID=976_5;partial=00;start_type=ATG;rbs_motif=None;rbs_spacer=None;gc_cont=0.319,86.1,317,185,1.06e-110,188,1,185,1,187,mobileOG_000401907,NA:Keyword,WP_013603294.1,integration/excision,NA,Multiple,Keyword Search,454.1::M662.fa453:15413-20413_5, 1590 # 2153 # -1 , 1590,2153,-1 ,976_5,976,5,00,ATG,None,None,0.319,454.1::M662.fa453:15413-20413,mobileOG_000401907_454.1::M662.fa453:15413-20413
125,mobileOG_000003388|JW5895|E5YNJ1|integration/excision|NA|COMPASS|Manual,137.1::M669.fa136:7095-7903_2 # 495 # 806 # 1 # ID=977_2;partial=01;start_type=ATG;rbs_motif=GGA/GAG/AGG;rbs_spacer=5-10bp;gc_cont=0.538,100,213,132,5.81e-72,104,1,104,1,104,mobileOG_000003388,JW5895,E5YNJ1,integration/excision,NA,COMPASS,Manual,137.1::M669.fa136:7095-7903_2, 495 # 806 # 1 , 495,806,1 ,977_2,977,2,01,ATG,GGA/GAG/AGG,5-10bp,0.538,137.1::M669.fa136:7095-7903,mobileOG_000003388_137.1::M669.fa136:7095-7903
126,mobileOG_000163711|J|A0A2A3SB84|phage|structural|GPD|Homology,106.1::M67.fa105:10131-14912_2 # 538 # 1446 # -1 # ID=978_2;partial=00;start_type=ATG;rbs_motif=GGA/GAG/AGG;rbs_spacer=5-10bp;gc_cont=0.638,82.5,470,302,1.10e-167,303,1,302,1,302,mobileOG_000163711,J,A0A2A3SB84,phage,structural,GPD,Homology,106.1::M67.fa105:10131-14912_2, 538 # 1446 # -1 , 538,1446,-1 ,978_2,978,2,00,ATG,GGA/GAG/AGG,5-10bp,0.638,106.1::M67.fa105:10131-14912,mobileOG_000163711_106.1::M67.fa105:10131-14912
127,mobileOG_000300745|W|WP_137765101.1|phage|structural|Plasmid RefSeq|Homology,106.1::M67.fa105:10131-14912_3 # 1449 # 1796 # -1 # ID=978_3;partial=00;start_type=ATG;rbs_motif=None;rbs_spacer=None;gc_cont=0.580,72.4,166,116,3.20e-53,116,1,116,1,114,mobileOG_000300745,W,WP_137765101.1,phage,structural,Plasmid RefSeq,Homology,106.1::M67.fa105:10131-14912_3, 1449 # 1796 # -1 , 1449,1796,-1 ,978_3,978,3,00,ATG,None,None,0.580,106.1::M67.fa105:10131-14912,mobileOG_000300745_106.1::M67.fa105:10131-14912
128,"mobileOG_000374383|X|WP_137764153.1|phage|infection,initiation|Plasmid RefSeq|Homology",106.1::M67.fa105:10131-14912_9 # 4106 # 4309 # -1 # ID=978_9;partial=00;start_type=ATG;rbs_motif=GGAG/GAGG;rbs_spacer=5-10bp;gc_cont=0.559,74.2,109,67,2.75e-32,68,1,66,1,66,mobileOG_000374383,X,WP_137764153.1,phage,"infection,initiation",Plasmid RefSeq,Homology,106.1::M67.fa105:10131-14912_9, 4106 # 4309 # -1 , 4106,4309,-1 ,978_9,978,9,00,ATG,GGAG/GAGG,5-10bp,0.559,106.1::M67.fa105:10131-14912,mobileOG_000374383_106.1::M67.fa105:10131-14912
129,mobileOG_000394701|NA|A0A5Q7FJ57|phage|replication/recombination/repair|Multiple|Homology,106.1::M67.fa105:10131-14912_10 # 4635 # 4781 # -1 # ID=978_10;partial=01;start_type=Edge;rbs_motif=None;rbs_spacer=None;gc_cont=0.517,75.6,69.7,146,4.46e-16,49,15,59,1,45,mobileOG_000394701,NA,A0A5Q7FJ57,phage,replication/recombination/repair,Multiple,Homology,106.1::M67.fa105:10131-14912_10, 4635 # 4781 # -1 , 4635,4781,-1 ,978_10,978,10,01,Edge,None,None,0.517,106.1::M67.fa105:10131-14912,mobileOG_000394701_106.1::M67.fa105:10131-14912
130,mobileOG_000025640|ruvA|X5EM63|replication/recombination/repair|NA|Plasmid RefSeq|Manual,1.1::M682.fa0:161102-166102_3 # 1695 # 2297 # 1 # ID=979_3;partial=00;start_type=TTG;rbs_motif=AGGA;rbs_spacer=5-10bp;gc_cont=0.342,77.0,298,200,6.12e-103,201,1,200,1,200,mobileOG_000025640,ruvA,X5EM63,replication/recombination/repair,NA,Plasmid RefSeq,Manual,1.1::M682.fa0:161102-166102_3, 1695 # 2297 # 1 , 1695,2297,1 ,979_3,979,3,00,TTG,AGGA,5-10bp,0.342,1.1::M682.fa0:161102-166102,mobileOG_000025640_1.1::M682.fa0:161102-166102
131,mobileOG_000026119|ruvB|X5DSR5|replication/recombination/repair|NA|Plasmid RefSeq|Manual,1.1::M682.fa0:161102-166102_4 # 2329 # 3330 # 1 # ID=979_4;partial=00;start_type=ATG;rbs_motif=GGA/GAG/AGG;rbs_spacer=5-10bp;gc_cont=0.376,86.9,565,334,4.12e-204,334,1,329,1,329,mobileOG_000026119,ruvB,X5DSR5,replication/recombination/repair,NA,Plasmid RefSeq,Manual,1.1::M682.fa0:161102-166102_4, 2329 # 3330 # 1 , 2329,3330,1 ,979_4,979,4,00,ATG,GGA/GAG/AGG,5-10bp,0.376,1.1::M682.fa0:161102-166102,mobileOG_000026119_1.1::M682.fa0:161102-166102
132,mobileOG_000354070|ruvB|WP_043147578.1|replication/recombination/repair|NA|Plasmid RefSeq|Homology,15.1::M689.fa14:48108-53108_4 # 1249 # 2280 # -1 # ID=995_4;partial=00;start_type=ATG;rbs_motif=GGA/GAG/AGG;rbs_spacer=5-10bp;gc_cont=0.609,77.6,503,334,2.84e-179,344,1,330,1,330,mobileOG_000354070,ruvB,WP_043147578.1,replication/recombination/repair,NA,Plasmid RefSeq,Homology,15.1::M689.fa14:48108-53108_4, 1249 # 2280 # -1 , 1249,2280,-1 ,995_4,995,4,00,ATG,GGA/GAG/AGG,5-10bp,0.609,15.1::M689.fa14:48108-53108,mobileOG_000354070_15.1::M689.fa14:48108-53108
133,mobileOG_000025523|uvrB|WP_003104590.1|replication/recombination/repair|NA|Plasmid RefSeq|Manual,25.1::M689.fa24:218520-223520_2 # 1058 # 3106 # -1 # ID=996_2;partial=00;start_type=ATG;rbs_motif=4Base/6BMM;rbs_spacer=13-15bp;gc_cont=0.605,76.0,999,670,0.0,683,4,668,10,679,mobileOG_000025523,uvrB,WP_003104590.1,replication/recombination/repair,NA,Plasmid RefSeq,Manual,25.1::M689.fa24:218520-223520_2, 1058 # 3106 # -1 , 1058,3106,-1 ,996_2,996,2,00,ATG,4Base/6BMM,13-15bp,0.605,25.1::M689.fa24:218520-223520,mobileOG_000025523_25.1::M689.fa24:218520-223520
134,mobileOG_000025640|ruvA|X5EM63|replication/recombination/repair|NA|Plasmid RefSeq|Manual,18.1::M691.fa17:46079-51079_3 # 1369 # 1971 # 1 # ID=1007_3;partial=00;start_type=GTG;rbs_motif=AGGA;rbs_spacer=5-10bp;gc_cont=0.328,77.5,301,200,5.26e-104,201,1,200,1,200,mobileOG_000025640,ruvA,X5EM63,replication/recombination/repair,NA,Plasmid RefSeq,Manual,18.1::M691.fa17:46079-51079_3, 1369 # 1971 # 1 , 1369,1971,1 ,1007_3,1007,3,00,GTG,AGGA,5-10bp,0.328,18.1::M691.fa17:46079-51079,mobileOG_000025640_18.1::M691.fa17:46079-51079
135,mobileOG_000026119|ruvB|X5DSR5|replication/recombination/repair|NA|Plasmid RefSeq|Manual,18.1::M691.fa17:46079-51079_4 # 2007 # 3008 # 1 # ID=1007_4;partial=00;start_type=ATG;rbs_motif=GGA/GAG/AGG;rbs_spacer=5-10bp;gc_cont=0.359,88.1,571,334,1.51e-206,334,1,328,1,328,mobileOG_000026119,ruvB,X5DSR5,replication/recombination/repair,NA,Plasmid RefSeq,Manual,18.1::M691.fa17:46079-51079_4, 2007 # 3008 # 1 , 2007,3008,1 ,1007_4,1007,4,00,ATG,GGA/GAG/AGG,5-10bp,0.359,18.1::M691.fa17:46079-51079,mobileOG_000026119_18.1::M691.fa17:46079-51079
136,mobileOG_000318962|uvrB|WP_133192248.1|replication/recombination/repair|NA|Plasmid RefSeq|Homology,17.1::M696.fa16:5470-10470_1 # 1 # 987 # -1 # ID=1011_1;partial=10;start_type=ATG;rbs_motif=AGGAG;rbs_spacer=5-10bp;gc_cont=0.601,100,644,658,3.19e-230,329,1,329,1,329,mobileOG_000318962,uvrB,WP_133192248.1,replication/recombination/repair,NA,Plasmid RefSeq,Homology,17.1::M696.fa16:5470-10470_1, 1 # 987 # -1 , 1,987,-1 ,1011_1,1011,1,10,ATG,AGGAG,5-10bp,0.601,17.1::M696.fa16:5470-10470,mobileOG_000318962_17.1::M696.fa16:5470-10470
137,mobileOG_000307867|rinQ|WP_012290097.1|integration/excision|NA|Multiple|Homology,59.1::M696.fa58:62706-67706_1 # 3 # 308 # 1 # ID=1013_1;partial=10;start_type=Edge;rbs_motif=None;rbs_spacer=None;gc_cont=0.722,72.3,141,183,7.72e-43,102,82,182,1,101,mobileOG_000307867,rinQ,WP_012290097.1,integration/excision,NA,Multiple,Homology,59.1::M696.fa58:62706-67706_1, 3 # 308 # 1 , 3,308,1 ,1013_1,1013,1,10,Edge,None,None,0.722,59.1::M696.fa58:62706-67706,mobileOG_000307867_59.1::M696.fa58:62706-67706
138,mobileOG_000030970|clpP|A0A080NIA0|phage|replication/recombination/repair|ACLAME|Homology,3.1::M69.fa2:38756-42398_1 # 103 # 711 # 1 # ID=1016_1;partial=00;start_type=ATG;rbs_motif=GGAG/GAGG;rbs_spacer=5-10bp;gc_cont=0.586,90.1,364,202,4.43e-129,203,1,202,1,202,mobileOG_000030970,clpP,A0A080NIA0,phage,replication/recombination/repair,ACLAME,Homology,3.1::M69.fa2:38756-42398_1, 103 # 711 # 1 , 103,711,1 ,1016_1,1016,1,00,ATG,GGAG/GAGG,5-10bp,0.586,3.1::M69.fa2:38756-42398,mobileOG_000030970_3.1::M69.fa2:38756-42398
139,"mobileOG_000030969|clpX|A0A1D8IZF7|phage|replication,chaperone|ACLAME|Homology",3.1::M69.fa2:38756-42398_2 # 813 # 2075 # 1 # ID=1016_2;partial=00;start_type=ATG;rbs_motif=GGA/GAG/AGG;rbs_spacer=5-10bp;gc_cont=0.610,91.9,759,420,5.37e-278,421,1,420,1,420,mobileOG_000030969,clpX,A0A1D8IZF7,phage,"replication,chaperone",ACLAME,Homology,3.1::M69.fa2:38756-42398_2, 813 # 2075 # 1 , 813,2075,1 ,1016_2,1016,2,00,ATG,GGA/GAG/AGG,5-10bp,0.610,3.1::M69.fa2:38756-42398,mobileOG_000030969_3.1::M69.fa2:38756-42398
140,mobileOG_000193644|rarA|D4EYB2|replication/recombination/repair|NA|GPD|Homology,10.1::M716.fa9:12138-17138_1 # 3 # 209 # -1 # ID=1030_1;partial=10;start_type=ATG;rbs_motif=None;rbs_spacer=None;gc_cont=0.377,77.9,106,425,8.45e-28,69,1,68,1,68,mobileOG_000193644,rarA,D4EYB2,replication/recombination/repair,NA,GPD,Homology,10.1::M716.fa9:12138-17138_1, 3 # 209 # -1 , 3,209,-1 ,1030_1,1030,1,10,ATG,None,None,0.377,10.1::M716.fa9:12138-17138,mobileOG_000193644_10.1::M716.fa9:12138-17138
141,mobileOG_000395483|NA:Keyword|A0A5P6M4N9|integration/excision|NA|COMPASS|Keyword Search,22.1::M728.fa21:51461-56461_3 # 1276 # 3084 # 1 # ID=1044_3;partial=00;start_type=TTG;rbs_motif=None;rbs_spacer=None;gc_cont=0.540,98.8,1207,921,0.0,603,320,921,1,602,mobileOG_000395483,NA:Keyword,A0A5P6M4N9,integration/excision,NA,COMPASS,Keyword Search,22.1::M728.fa21:51461-56461_3, 1276 # 3084 # 1 , 1276,3084,1 ,1044_3,1044,3,00,TTG,None,None,0.540,22.1::M728.fa21:51461-56461,mobileOG_000395483_22.1::M728.fa21:51461-56461
142,mobileOG_000373847|groS|WP_068522534.1|phage|structural|Plasmid RefSeq|Homology,3.1::M734.fa2:141819-146819_5 # 4223 # 4516 # -1 # ID=1052_5;partial=00;start_type=ATG;rbs_motif=GGAG/GAGG;rbs_spacer=5-10bp;gc_cont=0.639,72.9,138,99,6.07e-43,98,3,98,2,97,mobileOG_000373847,groS,WP_068522534.1,phage,structural,Plasmid RefSeq,Homology,3.1::M734.fa2:141819-146819_5, 4223 # 4516 # -1 , 4223,4516,-1 ,1052_5,1052,5,00,ATG,GGAG/GAGG,5-10bp,0.639,3.1::M734.fa2:141819-146819,mobileOG_000373847_3.1::M734.fa2:141819-146819
143,mobileOG_000289411|recQ|WP_060595165.1|replication/recombination/repair|NA|Plasmid RefSeq|Homology,69.1::M738.fa68:24334-26216_1 # 3 # 1685 # 1 # ID=1074_1;partial=10;start_type=Edge;rbs_motif=None;rbs_spacer=None;gc_cont=0.687,73.2,773,621,7.15e-278,561,87,619,1,536,mobileOG_000289411,recQ,WP_060595165.1,replication/recombination/repair,NA,Plasmid RefSeq,Homology,69.1::M738.fa68:24334-26216_1, 3 # 1685 # 1 , 3,1685,1 ,1074_1,1074,1,10,Edge,None,None,0.687,69.1::M738.fa68:24334-26216,mobileOG_000289411_69.1::M738.fa68:24334-26216
144,mobileOG_000724452|NA:Keyword|A0A1D7W3N2|integration/excision|NA|ISFinder|Keyword Search,1.1::M753.fa0:117408-122408_3 # 4048 # 4998 # -1 # ID=1077_3;partial=01;start_type=Edge;rbs_motif=None;rbs_spacer=None;gc_cont=0.586,99.7,640,430,1.99e-232,317,115,430,1,316,mobileOG_000724452,NA:Keyword,A0A1D7W3N2,integration/excision,NA,ISFinder,Keyword Search,1.1::M753.fa0:117408-122408_3, 4048 # 4998 # -1 , 4048,4998,-1 ,1077_3,1077,3,01,Edge,None,None,0.586,1.1::M753.fa0:117408-122408,mobileOG_000724452_1.1::M753.fa0:117408-122408
145,mobileOG_000038940|xepA|A7Z3Q0|phage|lysis/lysogeny|ACLAME|Homology,129.1::M802.fa128:39444-44444_5 # 1435 # 2196 # 1 # ID=1107_5;partial=00;start_type=ATG;rbs_motif=AGGAGG;rbs_spacer=5-10bp;gc_cont=0.488,96.8,493,253,2.67e-178,254,1,253,1,253,mobileOG_000038940,xepA,A7Z3Q0,phage,lysis/lysogeny,ACLAME,Homology,129.1::M802.fa128:39444-44444_5, 1435 # 2196 # 1 , 1435,2196,1 ,1107_5,1107,5,00,ATG,AGGAGG,5-10bp,0.488,129.1::M802.fa128:39444-44444,mobileOG_000038940_129.1::M802.fa128:39444-44444
146,"mobileOG_000038939|xhlA|A0A268DWX7|phage|infection,lysis/lysogeny|ACLAME|Homology",129.1::M802.fa128:39444-44444_6 # 2248 # 2511 # 1 # ID=1107_6;partial=00;start_type=GTG;rbs_motif=AGxAGG/AGGxGG;rbs_spacer=5-10bp;gc_cont=0.477,97.7,159,87,2.32e-51,88,1,87,1,87,mobileOG_000038939,xhlA,A0A268DWX7,phage,"infection,lysis/lysogeny",ACLAME,Homology,129.1::M802.fa128:39444-44444_6, 2248 # 2511 # 1 , 2248,2511,1 ,1107_6,1107,6,00,GTG,AGxAGG/AGGxGG,5-10bp,0.477,129.1::M802.fa128:39444-44444,mobileOG_000038939_129.1::M802.fa128:39444-44444
147,mobileOG_000038938|xhlB|A0A0D7XMI4|phage|lysis/lysogeny|ACLAME|Homology,129.1::M802.fa128:39444-44444_7 # 2525 # 2788 # 1 # ID=1107_7;partial=00;start_type=ATG;rbs_motif=AGxAGG/AGGxGG;rbs_spacer=5-10bp;gc_cont=0.447,100,162,87,6.91e-53,88,1,87,1,87,mobileOG_000038938,xhlB,A0A0D7XMI4,phage,lysis/lysogeny,ACLAME,Homology,129.1::M802.fa128:39444-44444_7, 2525 # 2788 # 1 , 2525,2788,1 ,1107_7,1107,7,00,ATG,AGxAGG/AGGxGG,5-10bp,0.447,129.1::M802.fa128:39444-44444,mobileOG_000038938_129.1::M802.fa128:39444-44444
148,"mobileOG_000038937|xlyA|A0A1D9PIB7|phage|infection,lysis/lysogeny|ACLAME|Homology",129.1::M802.fa128:39444-44444_8 # 2802 # 3680 # 1 # ID=1107_8;partial=00;start_type=ATG;rbs_motif=AGGAG;rbs_spacer=5-10bp;gc_cont=0.509,100,597,292,2.64e-218,293,1,292,1,292,mobileOG_000038937,xlyA,A0A1D9PIB7,phage,"infection,lysis/lysogeny",ACLAME,Homology,129.1::M802.fa128:39444-44444_8, 2802 # 3680 # 1 , 2802,3680,1 ,1107_8,1107,8,00,ATG,AGGAG,5-10bp,0.509,129.1::M802.fa128:39444-44444,mobileOG_000038937_129.1::M802.fa128:39444-44444
149,mobileOG_000137216|polC|A0A3E4M2K0|replication/recombination/repair|NA|GPD|Homology,3.1::M805.fa2:148666-153666_1 # 3 # 3329 # 1 # ID=1113_1;partial=10;start_type=Edge;rbs_motif=None;rbs_spacer=None;gc_cont=0.471,72.4,1660,1448,0.0,1109,341,1447,1,1106,mobileOG_000137216,polC,A0A3E4M2K0,replication/recombination/repair,NA,GPD,Homology,3.1::M805.fa2:148666-153666_1, 3 # 3329 # 1 , 3,3329,1 ,1113_1,1113,1,10,Edge,None,None,0.471,3.1::M805.fa2:148666-153666,mobileOG_000137216_3.1::M805.fa2:148666-153666
150,"mobileOG_000330220|nusA|WP_002288500.1|phage|regulation,infection|Plasmid RefSeq|Homology",3.1::M805.fa2:148666-153666_4 # 4377 # 5000 # 1 # ID=1113_4;partial=01;start_type=ATG;rbs_motif=AATAA;rbs_spacer=15bp;gc_cont=0.436,74.0,308,391,5.13e-104,208,1,208,1,208,mobileOG_000330220,nusA,WP_002288500.1,phage,"regulation,infection",Plasmid RefSeq,Homology,3.1::M805.fa2:148666-153666_4, 4377 # 5000 # 1 , 4377,5000,1 ,1113_4,1113,4,01,ATG,AATAA,15bp,0.436,3.1::M805.fa2:148666-153666,mobileOG_000330220_3.1::M805.fa2:148666-153666
151,mobileOG_000137216|polC|A0A3E4M2K0|replication/recombination/repair|NA|GPD|Homology,3.1::M805.fa2:148666-153666_1 # 3 # 3329 # 1 # ID=1114_1;partial=10;start_type=Edge;rbs_motif=None;rbs_spacer=None;gc_cont=0.471,72.4,1660,1448,0.0,1109,341,1447,1,1106,mobileOG_000137216,polC,A0A3E4M2K0,replication/recombination/repair,NA,GPD,Homology,3.1::M805.fa2:148666-153666_1, 3 # 3329 # 1 , 3,3329,1 ,1114_1,1114,1,10,Edge,None,None,0.471,3.1::M805.fa2:148666-153666,mobileOG_000137216_3.1::M805.fa2:148666-153666
152,"mobileOG_000330220|nusA|WP_002288500.1|phage|regulation,infection|Plasmid RefSeq|Homology",3.1::M805.fa2:148666-153666_4 # 4377 # 5000 # 1 # ID=1114_4;partial=01;start_type=ATG;rbs_motif=AATAA;rbs_spacer=15bp;gc_cont=0.436,74.0,308,391,5.13e-104,208,1,208,1,208,mobileOG_000330220,nusA,WP_002288500.1,phage,"regulation,infection",Plasmid RefSeq,Homology,3.1::M805.fa2:148666-153666_4, 4377 # 5000 # 1 , 4377,5000,1 ,1114_4,1114,4,01,ATG,AATAA,15bp,0.436,3.1::M805.fa2:148666-153666,mobileOG_000330220_3.1::M805.fa2:148666-153666
153,mobileOG_000009079|ruvB|A0A081PMF9|replication/recombination/repair|NA|GPD|Manual,15.1::M807.fa14:29956-34956_2 # 777 # 1775 # 1 # ID=1121_2;partial=00;start_type=ATG;rbs_motif=None;rbs_spacer=None;gc_cont=0.457,89.2,581,332,2.09e-210,333,1,332,1,332,mobileOG_000009079,ruvB,A0A081PMF9,replication/recombination/repair,NA,GPD,Manual,15.1::M807.fa14:29956-34956_2, 777 # 1775 # 1 , 777,1775,1 ,1121_2,1121,2,00,ATG,None,None,0.457,15.1::M807.fa14:29956-34956,mobileOG_000009079_15.1::M807.fa14:29956-34956
154,mobileOG_000745048|NA:Keyword|WP_100957116.1|transfer|NA|Multiple|Keyword Search,469.1::M816.fa468:12355-17355_1 # 2 # 487 # 1 # ID=1133_1;partial=10;start_type=Edge;rbs_motif=None;rbs_spacer=None;gc_cont=0.667,96.9,271,237,1.45e-92,162,78,237,1,160,mobileOG_000745048,NA:Keyword,WP_100957116.1,transfer,NA,Multiple,Keyword Search,469.1::M816.fa468:12355-17355_1, 2 # 487 # 1 , 2,487,1 ,1133_1,1133,1,10,Edge,None,None,0.667,469.1::M816.fa468:12355-17355,mobileOG_000745048_469.1::M816.fa468:12355-17355
155,mobileOG_000727573|NA:Keyword|WP_151650798.1|transfer|NA|Plasmid RefSeq|Keyword Search,469.1::M816.fa468:12355-17355_3 # 890 # 2017 # 1 # ID=1133_3;partial=00;start_type=ATG;rbs_motif=GGA/GAG/AGG;rbs_spacer=5-10bp;gc_cont=0.650,92.8,640,376,1.44e-232,376,1,376,1,375,mobileOG_000727573,NA:Keyword,WP_151650798.1,transfer,NA,Plasmid RefSeq,Keyword Search,469.1::M816.fa468:12355-17355_3, 890 # 2017 # 1 , 890,2017,1 ,1133_3,1133,3,00,ATG,GGA/GAG/AGG,5-10bp,0.650,469.1::M816.fa468:12355-17355,mobileOG_000727573_469.1::M816.fa468:12355-17355
156,mobileOG_000333481|virB9|WP_012564824.1|transfer|conjugation|Plasmid RefSeq|Homology,469.1::M816.fa468:12355-17355_5 # 2727 # 3530 # 1 # ID=1133_5;partial=00;start_type=ATG;rbs_motif=None;rbs_spacer=None;gc_cont=0.649,91.0,500,267,1.41e-180,268,1,267,1,267,mobileOG_000333481,virB9,WP_012564824.1,transfer,conjugation,Plasmid RefSeq,Homology,469.1::M816.fa468:12355-17355_5, 2727 # 3530 # 1 , 2727,3530,1 ,1133_5,1133,5,00,ATG,None,None,0.649,469.1::M816.fa468:12355-17355,mobileOG_000333481_469.1::M816.fa468:12355-17355
157,mobileOG_000737400|NA:Keyword|WP_024921631.1|transfer|NA|Plasmid RefSeq|Keyword Search,469.1::M816.fa468:12355-17355_6 # 3533 # 4882 # 1 # ID=1133_6;partial=00;start_type=ATG;rbs_motif=GGAGG;rbs_spacer=5-10bp;gc_cont=0.682,85.1,672,448,1.24e-242,450,1,448,1,449,mobileOG_000737400,NA:Keyword,WP_024921631.1,transfer,NA,Plasmid RefSeq,Keyword Search,469.1::M816.fa468:12355-17355_6, 3533 # 4882 # 1 , 3533,4882,1 ,1133_6,1133,6,00,ATG,GGAGG,5-10bp,0.682,469.1::M816.fa468:12355-17355,mobileOG_000737400_469.1::M816.fa468:12355-17355
158,mobileOG_000331321|virB11|WP_044407311.1|transfer|conjugation|Multiple|Homology,469.1::M816.fa468:12355-17355_7 # 4845 # 5000 # 1 # ID=1133_7;partial=01;start_type=GTG;rbs_motif=GGAG/GAGG;rbs_spacer=5-10bp;gc_cont=0.673,94.2,110,352,6.08e-30,52,1,52,1,52,mobileOG_000331321,virB11,WP_044407311.1,transfer,conjugation,Multiple,Homology,469.1::M816.fa468:12355-17355_7, 4845 # 5000 # 1 , 4845,5000,1 ,1133_7,1133,7,01,GTG,GGAG/GAGG,5-10bp,0.673,469.1::M816.fa468:12355-17355,mobileOG_000331321_469.1::M816.fa468:12355-17355
159,mobileOG_000315472|comL|WP_000056809.1|transfer|competence|Plasmid RefSeq|Homology,31.1::M826.fa30:26597-31597_1 # 2 # 1117 # 1 # ID=1138_1;partial=10;start_type=Edge;rbs_motif=None;rbs_spacer=None;gc_cont=0.414,96.0,614,385,3.90e-222,372,15,385,1,371,mobileOG_000315472,comL,WP_000056809.1,transfer,competence,Plasmid RefSeq,Homology,31.1::M826.fa30:26597-31597_1, 2 # 1117 # 1 , 2,1117,1 ,1138_1,1138,1,10,Edge,None,None,0.414,31.1::M826.fa30:26597-31597,mobileOG_000315472_31.1::M826.fa30:26597-31597
160,mobileOG_000056907|tnp|A0A506EVQ5|integration/excision|NA|COMPASS|Homology,57.1::M826.fa56:57730-61805_5 # 3991 # 4074 # -1 # ID=1139_5;partial=01;start_type=Edge;rbs_motif=None;rbs_spacer=None;gc_cont=0.369,100,58.5,45,4.05e-13,28,19,45,1,27,mobileOG_000056907,tnp,A0A506EVQ5,integration/excision,NA,COMPASS,Homology,57.1::M826.fa56:57730-61805_5, 3991 # 4074 # -1 , 3991,4074,-1 ,1139_5,1139,5,01,Edge,None,None,0.369,57.1::M826.fa56:57730-61805,mobileOG_000056907_57.1::M826.fa56:57730-61805
161,mobileOG_000067467|insA|A0A127GZK2|integration/excision|NA|COMPASS|Homology,1.1::M836.fa0:510603-515603_6 # 3731 # 4039 # -1 # ID=1178_6;partial=00;start_type=ATG;rbs_motif=GGA/GAG/AGG;rbs_spacer=5-10bp;gc_cont=0.479,92.2,183,102,1.18e-60,103,1,102,1,102,mobileOG_000067467,insA,A0A127GZK2,integration/excision,NA,COMPASS,Homology,1.1::M836.fa0:510603-515603_6, 3731 # 4039 # -1 , 3731,4039,-1 ,1178_6,1178,6,00,ATG,GGA/GAG/AGG,5-10bp,0.479,1.1::M836.fa0:510603-515603,mobileOG_000067467_1.1::M836.fa0:510603-515603
162,mobileOG_000274754|tnpA|A0A144M2G6|integration/excision|NA|ISFinder|Homology,14.1::M837.fa13:41113-46113_1 # 1 # 456 # 1 # ID=1183_1;partial=10;start_type=Edge;rbs_motif=None;rbs_spacer=None;gc_cont=0.577,98.0,294,436,6.01e-99,152,286,436,1,151,mobileOG_000274754,tnpA,A0A144M2G6,integration/excision,NA,ISFinder,Homology,14.1::M837.fa13:41113-46113_1, 1 # 456 # 1 , 1,456,1 ,1183_1,1183,1,10,Edge,None,None,0.577,14.1::M837.fa13:41113-46113,mobileOG_000274754_14.1::M837.fa13:41113-46113
163,mobileOG_000274745|NA|A0A3Q9P4N4|integration/excision|NA|ISFinder|Homology,14.1::M837.fa13:41113-46113_2 # 425 # 892 # -1 # ID=1183_2;partial=00;start_type=GTG;rbs_motif=GGA/GAG/AGG;rbs_spacer=5-10bp;gc_cont=0.588,97.9,286,334,3.25e-97,156,46,190,1,145,mobileOG_000274745,NA,A0A3Q9P4N4,integration/excision,NA,ISFinder,Homology,14.1::M837.fa13:41113-46113_2, 425 # 892 # -1 , 425,892,-1 ,1183_2,1183,2,00,GTG,GGA/GAG/AGG,5-10bp,0.588,14.1::M837.fa13:41113-46113,mobileOG_000274745_14.1::M837.fa13:41113-46113
164,mobileOG_000274744|TnpD|A0A3Q9P2S1|integration/excision|NA|ISFinder|Homology,14.1::M837.fa13:41113-46113_3 # 853 # 1278 # -1 # ID=1183_3;partial=00;start_type=TTG;rbs_motif=AGGAG;rbs_spacer=5-10bp;gc_cont=0.638,100,189,101,1.99e-62,142,1,101,3,103,mobileOG_000274744,TnpD,A0A3Q9P2S1,integration/excision,NA,ISFinder,Homology,14.1::M837.fa13:41113-46113_3, 853 # 1278 # -1 , 853,1278,-1 ,1183_3,1183,3,00,TTG,AGGAG,5-10bp,0.638,14.1::M837.fa13:41113-46113,mobileOG_000274744_14.1::M837.fa13:41113-46113
165,mobileOG_000038131|nuc|WP_011988505.1|transfer|conjugation|Multiple|Homology,81.1::M83.fa80:12773-17300_8 # 4268 # 4525 # -1 # ID=1201_8;partial=01;start_type=Edge;rbs_motif=None;rbs_spacer=None;gc_cont=0.450,72.7,101,283,1.36e-26,86,218,282,19,84,mobileOG_000038131,nuc,WP_011988505.1,transfer,conjugation,Multiple,Homology,81.1::M83.fa80:12773-17300_8, 4268 # 4525 # -1 , 4268,4525,-1 ,1201_8,1201,8,01,Edge,None,None,0.450,81.1::M83.fa80:12773-17300,mobileOG_000038131_81.1::M83.fa80:12773-17300
166,mobileOG_000355087|uvrA|WP_068739795.1|replication/recombination/repair|NA|Plasmid RefSeq|Homology,35.1::M865.fa34:100288-105288_1 # 2 # 2965 # 1 # ID=1218_1;partial=10;start_type=Edge;rbs_motif=None;rbs_spacer=None;gc_cont=0.600,71.5,1382,952,0.0,988,3,950,4,945,mobileOG_000355087,uvrA,WP_068739795.1,replication/recombination/repair,NA,Plasmid RefSeq,Homology,35.1::M865.fa34:100288-105288_1, 2 # 2965 # 1 , 2,2965,1 ,1218_1,1218,1,10,Edge,None,None,0.600,35.1::M865.fa34:100288-105288,mobileOG_000355087_35.1::M865.fa34:100288-105288
167,mobileOG_000751654|NA:Keyword|WP_128106315.1|stability/transfer/defense|NA|Plasmid RefSeq|Keyword Search,26.1::M872.fa25:27920-32522_4 # 3444 # 4601 # -1 # ID=1222_4;partial=01;start_type=Edge;rbs_motif=None;rbs_spacer=None;gc_cont=0.585,95.7,661,1062,1.36e-230,386,693,1061,15,383,mobileOG_000751654,NA:Keyword,WP_128106315.1,stability/transfer/defense,NA,Plasmid RefSeq,Keyword Search,26.1::M872.fa25:27920-32522_4, 3444 # 4601 # -1 , 3444,4601,-1 ,1222_4,1222,4,01,Edge,None,None,0.585,26.1::M872.fa25:27920-32522,mobileOG_000751654_26.1::M872.fa25:27920-32522
168,mobileOG_000353791|parC|WP_039569308.1|replication/recombination/repair|partitioning|Plasmid RefSeq|Homology,12.1::M876.fa11:216064-221064_1 # 1 # 1062 # -1 # ID=1223_1;partial=10;start_type=ATG;rbs_motif=GGA/GAG/AGG;rbs_spacer=5-10bp;gc_cont=0.606,75.5,526,757,2.49e-182,354,9,351,12,354,mobileOG_000353791,parC,WP_039569308.1,replication/recombination/repair,partitioning,Plasmid RefSeq,Homology,12.1::M876.fa11:216064-221064_1, 1 # 1062 # -1 , 1,1062,-1 ,1223_1,1223,1,10,ATG,GGA/GAG/AGG,5-10bp,0.606,12.1::M876.fa11:216064-221064,mobileOG_000353791_12.1::M876.fa11:216064-221064
169,mobileOG_000015316|gyrB|A0A0E1ELN2|replication/recombination/repair|transfer|GPD|Manual,1.2::M886.fa0:151009-156009_8 # 4238 # 4999 # 1 # ID=1245_8;partial=01;start_type=ATG;rbs_motif=AGGA/GGAG/GAGG;rbs_spacer=11-12bp;gc_cont=0.413,87.0,441,650,6.18e-152,254,1,254,1,254,mobileOG_000015316,gyrB,A0A0E1ELN2,replication/recombination/repair,transfer,GPD,Manual,1.2::M886.fa0:151009-156009_8, 4238 # 4999 # 1 , 4238,4999,1 ,1245_8,1245,8,01,ATG,AGGA/GGAG/GAGG,11-12bp,0.413,1.2::M886.fa0:151009-156009,mobileOG_000015316_1.2::M886.fa0:151009-156009
170,mobileOG_000205804|rarA|I0Q852|replication/recombination/repair|NA|GPD|Homology,5.1::M886.fa4:13506-18506_1 # 249 # 1517 # -1 # ID=1246_1;partial=00;start_type=ATG;rbs_motif=AGGAG;rbs_spacer=5-10bp;gc_cont=0.414,84.8,698,429,1.35e-253,423,7,426,1,420,mobileOG_000205804,rarA,I0Q852,replication/recombination/repair,NA,GPD,Homology,5.1::M886.fa4:13506-18506_1, 249 # 1517 # -1 , 249,1517,-1 ,1246_1,1246,1,00,ATG,AGGAG,5-10bp,0.414,5.1::M886.fa4:13506-18506,mobileOG_000205804_5.1::M886.fa4:13506-18506
171,"mobileOG_000000156|lexA|A0A1J9YMX6|phage|lysis/lysogeny,regulation|ACLAME|Manual",2.1::M891.fa1:24596-29596_1 # 3 # 146 # 1 # ID=1256_1;partial=10;start_type=Edge;rbs_motif=None;rbs_spacer=None;gc_cont=0.396,70.5,74.3,206,2.26e-17,48,161,204,1,44,mobileOG_000000156,lexA,A0A1J9YMX6,phage,"lysis/lysogeny,regulation",ACLAME,Manual,2.1::M891.fa1:24596-29596_1, 3 # 146 # 1 , 3,146,1 ,1256_1,1256,1,10,Edge,None,None,0.396,2.1::M891.fa1:24596-29596,mobileOG_000000156_2.1::M891.fa1:24596-29596
172,mobileOG_000205804|rarA|I0Q852|replication/recombination/repair|NA|GPD|Homology,3.1::M900.fa2:100801-105801_1 # 1 # 216 # -1 # ID=1261_1;partial=10;start_type=ATG;rbs_motif=GGAG/GAGG;rbs_spacer=5-10bp;gc_cont=0.375,77.8,111,429,1.38e-29,72,7,78,1,72,mobileOG_000205804,rarA,I0Q852,replication/recombination/repair,NA,GPD,Homology,3.1::M900.fa2:100801-105801_1, 1 # 216 # -1 , 1,216,-1 ,1261_1,1261,1,10,ATG,GGAG/GAGG,5-10bp,0.375,3.1::M900.fa2:100801-105801,mobileOG_000205804_3.1::M900.fa2:100801-105801
173,"mobileOG_000416594|NA:Keyword|WP_010014224.1|replication/recombination/repair|initiation,copy number control,plasmid|COMPASS|Keyword Search",125.1::M904.fa124:16521-19102_3 # 2466 # 2579 # 1 # ID=1266_3;partial=01;start_type=ATG;rbs_motif=None;rbs_spacer=None;gc_cont=0.307,92.1,77.0,75,6.17e-20,38,25,62,1,38,mobileOG_000416594,NA:Keyword,WP_010014224.1,replication/recombination/repair,"initiation,copy number control,plasmid",COMPASS,Keyword Search,125.1::M904.fa124:16521-19102_3, 2466 # 2579 # 1 , 2466,2579,1 ,1266_3,1266,3,01,ATG,None,None,0.307,125.1::M904.fa124:16521-19102,mobileOG_000416594_125.1::M904.fa124:16521-19102
174,mobileOG_000288484|rarA|WP_023296220.1|replication/recombination/repair|NA|Plasmid RefSeq|Homology,24.1::M936.fa23:55817-60817_1 # 3 # 851 # -1 # ID=1290_1;partial=10;start_type=GTG;rbs_motif=GGAG/GAGG;rbs_spacer=5-10bp;gc_cont=0.539,96.1,534,447,6.78e-191,283,1,283,1,283,mobileOG_000288484,rarA,WP_023296220.1,replication/recombination/repair,NA,Plasmid RefSeq,Homology,24.1::M936.fa23:55817-60817_1, 3 # 851 # -1 , 3,851,-1 ,1290_1,1290,1,10,GTG,GGAG/GAGG,5-10bp,0.539,24.1::M936.fa23:55817-60817,mobileOG_000288484_24.1::M936.fa23:55817-60817
175,mobileOG_000597420|NA:Keyword|A0A154XTD6|transfer|NA|GPD|Keyword Search,24.1::M936.fa23:55817-60817_3 # 1585 # 3102 # -1 # ID=1290_3;partial=00;start_type=ATG;rbs_motif=None;rbs_spacer=None;gc_cont=0.556,97.2,960,1227,0.0,506,723,1227,1,505,mobileOG_000597420,NA:Keyword,A0A154XTD6,transfer,NA,GPD,Keyword Search,24.1::M936.fa23:55817-60817_3, 1585 # 3102 # -1 , 1585,3102,-1 ,1290_3,1290,3,00,ATG,None,None,0.556,24.1::M936.fa23:55817-60817,mobileOG_000597420_24.1::M936.fa23:55817-60817
176,mobileOG_000597420|NA:Keyword|A0A154XTD6|transfer|NA|GPD|Keyword Search,21.1::M950.fa20:21686-26686_1 # 104 # 1663 # -1 # ID=1319_1;partial=00;start_type=GTG;rbs_motif=GGA/GAG/AGG;rbs_spacer=5-10bp;gc_cont=0.588,85.2,842,1227,7.20e-297,520,715,1227,7,519,mobileOG_000597420,NA:Keyword,A0A154XTD6,transfer,NA,GPD,Keyword Search,21.1::M950.fa20:21686-26686_1, 104 # 1663 # -1 , 104,1663,-1 ,1319_1,1319,1,00,GTG,GGA/GAG/AGG,5-10bp,0.588,21.1::M950.fa20:21686-26686,mobileOG_000597420_21.1::M950.fa20:21686-26686
177,mobileOG_000334471|dnaQ|WP_004930195.1|replication/recombination/repair|NA|Plasmid RefSeq|Homology,106.1::M953.fa105:41932-46932_4 # 3009 # 3749 # -1 # ID=1329_4;partial=00;start_type=ATG;rbs_motif=GGA/GAG/AGG;rbs_spacer=5-10bp;gc_cont=0.555,93.4,458,247,1.20e-164,247,1,242,1,242,mobileOG_000334471,dnaQ,WP_004930195.1,replication/recombination/repair,NA,Plasmid RefSeq,Homology,106.1::M953.fa105:41932-46932_4, 3009 # 3749 # -1 , 3009,3749,-1 ,1329_4,1329,4,00,ATG,GGA/GAG/AGG,5-10bp,0.555,106.1::M953.fa105:41932-46932,mobileOG_000334471_106.1::M953.fa105:41932-46932
178,mobileOG_000281593|rnhA|WP_033649910.1|replication/recombination/repair|NA|Plasmid RefSeq|Homology,106.1::M953.fa105:41932-46932_5 # 3822 # 4289 # 1 # ID=1329_5;partial=00;start_type=ATG;rbs_motif=GGA/GAG/AGG;rbs_spacer=5-10bp;gc_cont=0.564,95.5,313,155,1.68e-110,156,1,154,1,154,mobileOG_000281593,rnhA,WP_033649910.1,replication/recombination/repair,NA,Plasmid RefSeq,Homology,106.1::M953.fa105:41932-46932_5, 3822 # 4289 # 1 , 3822,4289,1 ,1329_5,1329,5,00,ATG,GGA/GAG/AGG,5-10bp,0.564,106.1::M953.fa105:41932-46932,mobileOG_000281593_106.1::M953.fa105:41932-46932
179,mobileOG_000351985|tpase|WP_152478285.1|integration/excision|NA|Plasmid RefSeq|Homology,340.1::M955.fa339:23738-28738_1 # 29 # 427 # 1 # ID=1331_1;partial=00;start_type=ATG;rbs_motif=None;rbs_spacer=None;gc_cont=0.571,85.5,221,359,1.48e-71,133,222,359,1,132,mobileOG_000351985,tpase,WP_152478285.1,integration/excision,NA,Plasmid RefSeq,Homology,340.1::M955.fa339:23738-28738_1, 29 # 427 # 1 , 29,427,1 ,1331_1,1331,1,00,ATG,None,None,0.571,340.1::M955.fa339:23738-28738,mobileOG_000351985_340.1::M955.fa339:23738-28738
180,mobileOG_000056794|tnp|WP_085987417.1|integration/excision|NA|COMPASS|Homology,340.1::M955.fa339:23738-28738_5 # 4029 # 4856 # -1 # ID=1331_5;partial=00;start_type=GTG;rbs_motif=GGA/GAG/AGG;rbs_spacer=5-10bp;gc_cont=0.525,78.5,461,275,9.10e-165,276,1,275,1,275,mobileOG_000056794,tnp,WP_085987417.1,integration/excision,NA,COMPASS,Homology,340.1::M955.fa339:23738-28738_5, 4029 # 4856 # -1 , 4029,4856,-1 ,1331_5,1331,5,00,GTG,GGA/GAG/AGG,5-10bp,0.525,340.1::M955.fa339:23738-28738,mobileOG_000056794_340.1::M955.fa339:23738-28738
181,mobileOG_000037679|tISRso16a|A1TXN6|integration/excision|NA|Multiple|Homology,340.1::M955.fa339:23738-28738_6 # 4850 # 4999 # -1 # ID=1331_6;partial=01;start_type=Edge;rbs_motif=None;rbs_spacer=None;gc_cont=0.533,91.5,80.9,88,4.40e-21,50,41,87,2,48,mobileOG_000037679,tISRso16a,A1TXN6,integration/excision,NA,Multiple,Homology,340.1::M955.fa339:23738-28738_6, 4850 # 4999 # -1 , 4850,4999,-1 ,1331_6,1331,6,01,Edge,None,None,0.533,340.1::M955.fa339:23738-28738,mobileOG_000037679_340.1::M955.fa339:23738-28738
182,mobileOG_000421961|NA:Keyword|A0A2I2A8Q9|phage|NA|GPD|Keyword Search,12.1::M95.fa11:20445-25445_1 # 3 # 446 # -1 # ID=1339_1;partial=10;start_type=ATG;rbs_motif=GGAGG;rbs_spacer=5-10bp;gc_cont=0.457,80.7,242,421,7.82e-79,148,5,144,9,148,mobileOG_000421961,NA:Keyword,A0A2I2A8Q9,phage,NA,GPD,Keyword Search,12.1::M95.fa11:20445-25445_1, 3 # 446 # -1 , 3,446,-1 ,1339_1,1339,1,10,ATG,GGAGG,5-10bp,0.457,12.1::M95.fa11:20445-25445,mobileOG_000421961_12.1::M95.fa11:20445-25445
183,"mobileOG_000389008|gp44|A0A5B7Y0T4|phage|infection,regulation|pVOG|Homology",12.1::M95.fa11:20445-25445_2 # 430 # 1182 # -1 # ID=1339_2;partial=00;start_type=TTG;rbs_motif=AGxAGG/AGGxGG;rbs_spacer=5-10bp;gc_cont=0.506,95.6,476,250,1.53e-171,251,1,249,1,249,mobileOG_000389008,gp44,A0A5B7Y0T4,phage,"infection,regulation",pVOG,Homology,12.1::M95.fa11:20445-25445_2, 430 # 1182 # -1 , 430,1182,-1 ,1339_2,1339,2,00,TTG,AGxAGG/AGGxGG,5-10bp,0.506,12.1::M95.fa11:20445-25445,mobileOG_000389008_12.1::M95.fa11:20445-25445
184,mobileOG_000377001|gyrB|WP_002288364.1|replication/recombination/repair|transfer|Plasmid RefSeq|Homology,16.1::M970.fa15:5369-10369_3 # 4051 # 4998 # -1 # ID=1355_3;partial=01;start_type=Edge;rbs_motif=None;rbs_spacer=None;gc_cont=0.494,73.3,466,648,1.44e-160,316,332,647,1,314,mobileOG_000377001,gyrB,WP_002288364.1,replication/recombination/repair,transfer,Plasmid RefSeq,Homology,16.1::M970.fa15:5369-10369_3, 4051 # 4998 # -1 , 4051,4998,-1 ,1355_3,1355,3,01,Edge,None,None,0.494,16.1::M970.fa15:5369-10369,mobileOG_000377001_16.1::M970.fa15:5369-10369
185,mobileOG_000725455|NA:Keyword|C1J9J3|integration/excision|NA|ISFinder|Keyword Search,40.1::M970.fa39:13075-18075_3 # 910 # 2325 # -1 # ID=1356_3;partial=00;start_type=ATG;rbs_motif=GGAGG;rbs_spacer=5-10bp;gc_cont=0.486,99.4,907,498,0.0,472,28,498,1,471,mobileOG_000725455,NA:Keyword,C1J9J3,integration/excision,NA,ISFinder,Keyword Search,40.1::M970.fa39:13075-18075_3, 910 # 2325 # -1 , 910,2325,-1 ,1356_3,1356,3,00,ATG,GGAGG,5-10bp,0.486,40.1::M970.fa39:13075-18075,mobileOG_000725455_40.1::M970.fa39:13075-18075
186,mobileOG_000616121|NA:Keyword|A0A1X1FCL3|phage|NA|GPD|Keyword Search,41.1::M97.fa40:8411-10747_1 # 1 # 1407 # -1 # ID=1362_1;partial=10;start_type=ATG;rbs_motif=GGA/GAG/AGG;rbs_spacer=5-10bp;gc_cont=0.472,99.8,962,479,0.0,469,1,469,1,469,mobileOG_000616121,NA:Keyword,A0A1X1FCL3,phage,NA,GPD,Keyword Search,41.1::M97.fa40:8411-10747_1, 1 # 1407 # -1 , 1,1407,-1 ,1362_1,1362,1,10,ATG,GGA/GAG/AGG,5-10bp,0.472,41.1::M97.fa40:8411-10747,mobileOG_000616121_41.1::M97.fa40:8411-10747
187,mobileOG_000056269|ORFC|Q5HXY0|integration/excision|NA|Multiple|Homology,41.1::M982.fa40:16156-19742_3 # 3072 # 3416 # 1 # ID=1368_3;partial=00;start_type=ATG;rbs_motif=None;rbs_spacer=None;gc_cont=0.525,77.8,137,189,5.04e-41,115,93,182,1,87,mobileOG_000056269,ORFC,Q5HXY0,integration/excision,NA,Multiple,Homology,41.1::M982.fa40:16156-19742_3, 3072 # 3416 # 1 , 3072,3416,1 ,1368_3,1368,3,00,ATG,None,None,0.525,41.1::M982.fa40:16156-19742,mobileOG_000056269_41.1::M982.fa40:16156-19742
188,mobileOG_000320566|tnpA|WP_135012873.1|integration/excision|NA|Plasmid RefSeq|Homology,27.1::M989.fa26:97113-100347_4 # 3106 # 3234 # -1 # ID=1374_4;partial=01;start_type=Edge;rbs_motif=None;rbs_spacer=None;gc_cont=0.597,83.3,65.5,417,1.53e-13,43,380,415,1,36,mobileOG_000320566,tnpA,WP_135012873.1,integration/excision,NA,Plasmid RefSeq,Homology,27.1::M989.fa26:97113-100347_4, 3106 # 3234 # -1 , 3106,3234,-1 ,1374_4,1374,4,01,Edge,None,None,0.597,27.1::M989.fa26:97113-100347,mobileOG_000320566_27.1::M989.fa26:97113-100347
